state,map_state,date,year,month_number,month,division,division_name,inflation_yoy,inflation_mom
Johor,Johor,2011-01-01,2011,1,January,01,Food and non-alcoholic beverages,3.6,1.3
Kedah,Kedah,2011-01-01,2011,1,January,01,Food and non-alcoholic beverages,2.5,1.2
Kelantan,Kelantan,2011-01-01,2011,1,January,01,Food and non-alcoholic beverages,4.8,1.6
Melaka,Melaka,2011-01-01,2011,1,January,01,Food and non-alcoholic beverages,3.9,1.5
Negeri Sembilan,Negeri Sembilan,2011-01-01,2011,1,January,01,Food and non-alcoholic beverages,4.3,1.1
Pahang,Pahang,2011-01-01,2011,1,January,01,Food and non-alcoholic beverages,3.4,1.0
Perak,Perak,2011-01-01,2011,1,January,01,Food and non-alcoholic beverages,3.7,1.4
Perlis,Perlis,2011-01-01,2011,1,January,01,Food and non-alcoholic beverages,3.7,1.2
Pulau Pinang,Penang,2011-01-01,2011,1,January,01,Food and non-alcoholic beverages,4.6,1.2
Sabah,Sabah,2011-01-01,2011,1,January,01,Food and non-alcoholic beverages,4.4,1.7
Sarawak,Sarawak,2011-01-01,2011,1,January,01,Food and non-alcoholic beverages,3.1,0.8
Selangor,Selangor,2011-01-01,2011,1,January,01,Food and non-alcoholic beverages,3.3,1.1
Terengganu,Terengganu,2011-01-01,2011,1,January,01,Food and non-alcoholic beverages,4.7,1.5
W.P. Kuala Lumpur,Kuala Lumpur,2011-01-01,2011,1,January,01,Food and non-alcoholic beverages,3.1,1.3
W.P. Labuan,Labuan,2011-01-01,2011,1,January,01,Food and non-alcoholic beverages,2.2,1.7
W.P. Putrajaya,Putrajaya,2011-01-01,2011,1,January,01,Food and non-alcoholic beverages,2.8,1.4
Johor,Johor,2011-02-01,2011,2,February,01,Food and non-alcoholic beverages,5.3,1.6
Kedah,Kedah,2011-02-01,2011,2,February,01,Food and non-alcoholic beverages,3.7,0.7
Kelantan,Kelantan,2011-02-01,2011,2,February,01,Food and non-alcoholic beverages,5.5,0.3
Melaka,Melaka,2011-02-01,2011,2,February,01,Food and non-alcoholic beverages,5.6,1.5
Negeri Sembilan,Negeri Sembilan,2011-02-01,2011,2,February,01,Food and non-alcoholic beverages,5.8,1.1
Pahang,Pahang,2011-02-01,2011,2,February,01,Food and non-alcoholic beverages,4.4,0.8
Perak,Perak,2011-02-01,2011,2,February,01,Food and non-alcoholic beverages,4.5,0.9
Perlis,Perlis,2011-02-01,2011,2,February,01,Food and non-alcoholic beverages,3.5,-0.4
Pulau Pinang,Penang,2011-02-01,2011,2,February,01,Food and non-alcoholic beverages,5.1,0.7
Sabah,Sabah,2011-02-01,2011,2,February,01,Food and non-alcoholic beverages,4.3,0.5
Sarawak,Sarawak,2011-02-01,2011,2,February,01,Food and non-alcoholic beverages,3.4,0.9
Selangor,Selangor,2011-02-01,2011,2,February,01,Food and non-alcoholic beverages,5.3,1.8
Terengganu,Terengganu,2011-02-01,2011,2,February,01,Food and non-alcoholic beverages,5.9,0.5
W.P. Kuala Lumpur,Kuala Lumpur,2011-02-01,2011,2,February,01,Food and non-alcoholic beverages,3.9,0.7
W.P. Labuan,Labuan,2011-02-01,2011,2,February,01,Food and non-alcoholic beverages,2.0,0.2
W.P. Putrajaya,Putrajaya,2011-02-01,2011,2,February,01,Food and non-alcoholic beverages,3.0,0.2
Johor,Johor,2011-03-01,2011,3,March,01,Food and non-alcoholic beverages,4.7,-0.4
Kedah,Kedah,2011-03-01,2011,3,March,01,Food and non-alcoholic beverages,4.1,0.1
Kelantan,Kelantan,2011-03-01,2011,3,March,01,Food and non-alcoholic beverages,5.8,0.4
Melaka,Melaka,2011-03-01,2011,3,March,01,Food and non-alcoholic beverages,5.0,-0.6
Negeri Sembilan,Negeri Sembilan,2011-03-01,2011,3,March,01,Food and non-alcoholic beverages,6.2,0.4
Pahang,Pahang,2011-03-01,2011,3,March,01,Food and non-alcoholic beverages,4.4,0.0
Perak,Perak,2011-03-01,2011,3,March,01,Food and non-alcoholic beverages,4.4,-0.2
Perlis,Perlis,2011-03-01,2011,3,March,01,Food and non-alcoholic beverages,4.4,0.9
Pulau Pinang,Penang,2011-03-01,2011,3,March,01,Food and non-alcoholic beverages,5.5,0.1
Sabah,Sabah,2011-03-01,2011,3,March,01,Food and non-alcoholic beverages,4.5,0.2
Sarawak,Sarawak,2011-03-01,2011,3,March,01,Food and non-alcoholic beverages,3.3,-0.1
Selangor,Selangor,2011-03-01,2011,3,March,01,Food and non-alcoholic beverages,5.3,0.1
Terengganu,Terengganu,2011-03-01,2011,3,March,01,Food and non-alcoholic beverages,5.7,-0.1
W.P. Kuala Lumpur,Kuala Lumpur,2011-03-01,2011,3,March,01,Food and non-alcoholic beverages,3.9,0.0
W.P. Labuan,Labuan,2011-03-01,2011,3,March,01,Food and non-alcoholic beverages,2.4,0.3
W.P. Putrajaya,Putrajaya,2011-03-01,2011,3,March,01,Food and non-alcoholic beverages,3.0,0.0
Johor,Johor,2011-04-01,2011,4,April,01,Food and non-alcoholic beverages,4.7,0.1
Kedah,Kedah,2011-04-01,2011,4,April,01,Food and non-alcoholic beverages,4.1,0.0
Kelantan,Kelantan,2011-04-01,2011,4,April,01,Food and non-alcoholic beverages,6.4,0.8
Melaka,Melaka,2011-04-01,2011,4,April,01,Food and non-alcoholic beverages,5.1,0.1
Negeri Sembilan,Negeri Sembilan,2011-04-01,2011,4,April,01,Food and non-alcoholic beverages,6.4,0.4
Pahang,Pahang,2011-04-01,2011,4,April,01,Food and non-alcoholic beverages,4.9,0.8
Perak,Perak,2011-04-01,2011,4,April,01,Food and non-alcoholic beverages,4.6,0.3
Perlis,Perlis,2011-04-01,2011,4,April,01,Food and non-alcoholic beverages,5.0,0.2
Pulau Pinang,Penang,2011-04-01,2011,4,April,01,Food and non-alcoholic beverages,5.7,0.2
Sabah,Sabah,2011-04-01,2011,4,April,01,Food and non-alcoholic beverages,4.9,0.3
Sarawak,Sarawak,2011-04-01,2011,4,April,01,Food and non-alcoholic beverages,3.3,-0.1
Selangor,Selangor,2011-04-01,2011,4,April,01,Food and non-alcoholic beverages,5.2,0.2
Terengganu,Terengganu,2011-04-01,2011,4,April,01,Food and non-alcoholic beverages,6.3,0.8
W.P. Kuala Lumpur,Kuala Lumpur,2011-04-01,2011,4,April,01,Food and non-alcoholic beverages,3.9,0.0
W.P. Labuan,Labuan,2011-04-01,2011,4,April,01,Food and non-alcoholic beverages,1.8,-0.1
W.P. Putrajaya,Putrajaya,2011-04-01,2011,4,April,01,Food and non-alcoholic beverages,3.4,0.3
Johor,Johor,2011-05-01,2011,5,May,01,Food and non-alcoholic beverages,4.5,0.1
Kedah,Kedah,2011-05-01,2011,5,May,01,Food and non-alcoholic beverages,3.8,0.1
Kelantan,Kelantan,2011-05-01,2011,5,May,01,Food and non-alcoholic beverages,6.5,0.5
Melaka,Melaka,2011-05-01,2011,5,May,01,Food and non-alcoholic beverages,4.5,0.0
Negeri Sembilan,Negeri Sembilan,2011-05-01,2011,5,May,01,Food and non-alcoholic beverages,5.9,0.1
Pahang,Pahang,2011-05-01,2011,5,May,01,Food and non-alcoholic beverages,4.3,0.1
Perak,Perak,2011-05-01,2011,5,May,01,Food and non-alcoholic beverages,4.2,0.0
Perlis,Perlis,2011-05-01,2011,5,May,01,Food and non-alcoholic beverages,4.6,-0.2
Pulau Pinang,Penang,2011-05-01,2011,5,May,01,Food and non-alcoholic beverages,5.3,0.0
Sabah,Sabah,2011-05-01,2011,5,May,01,Food and non-alcoholic beverages,4.9,-0.3
Sarawak,Sarawak,2011-05-01,2011,5,May,01,Food and non-alcoholic beverages,3.1,0.0
Selangor,Selangor,2011-05-01,2011,5,May,01,Food and non-alcoholic beverages,4.7,0.0
Terengganu,Terengganu,2011-05-01,2011,5,May,01,Food and non-alcoholic beverages,5.4,-0.1
W.P. Kuala Lumpur,Kuala Lumpur,2011-05-01,2011,5,May,01,Food and non-alcoholic beverages,3.5,0.1
W.P. Labuan,Labuan,2011-05-01,2011,5,May,01,Food and non-alcoholic beverages,2.3,0.3
W.P. Putrajaya,Putrajaya,2011-05-01,2011,5,May,01,Food and non-alcoholic beverages,3.2,0.1
Johor,Johor,2011-06-01,2011,6,June,01,Food and non-alcoholic beverages,5.4,1.5
Kedah,Kedah,2011-06-01,2011,6,June,01,Food and non-alcoholic beverages,3.8,0.4
Kelantan,Kelantan,2011-06-01,2011,6,June,01,Food and non-alcoholic beverages,6.3,0.7
Melaka,Melaka,2011-06-01,2011,6,June,01,Food and non-alcoholic beverages,5.1,1.0
Negeri Sembilan,Negeri Sembilan,2011-06-01,2011,6,June,01,Food and non-alcoholic beverages,5.8,0.6
Pahang,Pahang,2011-06-01,2011,6,June,01,Food and non-alcoholic beverages,4.7,0.6
Perak,Perak,2011-06-01,2011,6,June,01,Food and non-alcoholic beverages,4.4,0.6
Perlis,Perlis,2011-06-01,2011,6,June,01,Food and non-alcoholic beverages,4.4,0.3
Pulau Pinang,Penang,2011-06-01,2011,6,June,01,Food and non-alcoholic beverages,5.7,1.0
Sabah,Sabah,2011-06-01,2011,6,June,01,Food and non-alcoholic beverages,5.2,0.1
Sarawak,Sarawak,2011-06-01,2011,6,June,01,Food and non-alcoholic beverages,3.1,0.2
Selangor,Selangor,2011-06-01,2011,6,June,01,Food and non-alcoholic beverages,5.0,0.9
Terengganu,Terengganu,2011-06-01,2011,6,June,01,Food and non-alcoholic beverages,5.6,1.0
W.P. Kuala Lumpur,Kuala Lumpur,2011-06-01,2011,6,June,01,Food and non-alcoholic beverages,3.0,0.3
W.P. Labuan,Labuan,2011-06-01,2011,6,June,01,Food and non-alcoholic beverages,2.2,0.2
W.P. Putrajaya,Putrajaya,2011-06-01,2011,6,June,01,Food and non-alcoholic beverages,3.3,0.3
Johor,Johor,2011-07-01,2011,7,July,01,Food and non-alcoholic beverages,5.5,0.5
Kedah,Kedah,2011-07-01,2011,7,July,01,Food and non-alcoholic beverages,3.8,0.4
Kelantan,Kelantan,2011-07-01,2011,7,July,01,Food and non-alcoholic beverages,6.5,0.4
Melaka,Melaka,2011-07-01,2011,7,July,01,Food and non-alcoholic beverages,4.7,0.4
Negeri Sembilan,Negeri Sembilan,2011-07-01,2011,7,July,01,Food and non-alcoholic beverages,6.1,0.3
Pahang,Pahang,2011-07-01,2011,7,July,01,Food and non-alcoholic beverages,4.9,0.5
Perak,Perak,2011-07-01,2011,7,July,01,Food and non-alcoholic beverages,4.6,0.4
Perlis,Perlis,2011-07-01,2011,7,July,01,Food and non-alcoholic beverages,3.7,0.2
Pulau Pinang,Penang,2011-07-01,2011,7,July,01,Food and non-alcoholic beverages,5.7,0.6
Sabah,Sabah,2011-07-01,2011,7,July,01,Food and non-alcoholic beverages,5.0,0.0
Sarawak,Sarawak,2011-07-01,2011,7,July,01,Food and non-alcoholic beverages,3.2,0.1
Selangor,Selangor,2011-07-01,2011,7,July,01,Food and non-alcoholic beverages,5.5,0.6
Terengganu,Terengganu,2011-07-01,2011,7,July,01,Food and non-alcoholic beverages,6.3,0.7
W.P. Kuala Lumpur,Kuala Lumpur,2011-07-01,2011,7,July,01,Food and non-alcoholic beverages,3.4,0.8
W.P. Labuan,Labuan,2011-07-01,2011,7,July,01,Food and non-alcoholic beverages,2.1,0.2
W.P. Putrajaya,Putrajaya,2011-07-01,2011,7,July,01,Food and non-alcoholic beverages,3.6,0.4
Johor,Johor,2011-08-01,2011,8,August,01,Food and non-alcoholic beverages,5.0,-0.3
Kedah,Kedah,2011-08-01,2011,8,August,01,Food and non-alcoholic beverages,3.4,-0.1
Kelantan,Kelantan,2011-08-01,2011,8,August,01,Food and non-alcoholic beverages,6.3,0.3
Melaka,Melaka,2011-08-01,2011,8,August,01,Food and non-alcoholic beverages,4.2,-0.1
Negeri Sembilan,Negeri Sembilan,2011-08-01,2011,8,August,01,Food and non-alcoholic beverages,5.8,0.2
Pahang,Pahang,2011-08-01,2011,8,August,01,Food and non-alcoholic beverages,4.7,-0.1
Perak,Perak,2011-08-01,2011,8,August,01,Food and non-alcoholic beverages,4.3,-0.1
Perlis,Perlis,2011-08-01,2011,8,August,01,Food and non-alcoholic beverages,3.5,-0.1
Pulau Pinang,Penang,2011-08-01,2011,8,August,01,Food and non-alcoholic beverages,5.1,0.0
Sabah,Sabah,2011-08-01,2011,8,August,01,Food and non-alcoholic beverages,4.9,0.5
Sarawak,Sarawak,2011-08-01,2011,8,August,01,Food and non-alcoholic beverages,3.0,0.0
Selangor,Selangor,2011-08-01,2011,8,August,01,Food and non-alcoholic beverages,5.0,-0.2
Terengganu,Terengganu,2011-08-01,2011,8,August,01,Food and non-alcoholic beverages,5.9,0.0
W.P. Kuala Lumpur,Kuala Lumpur,2011-08-01,2011,8,August,01,Food and non-alcoholic beverages,3.1,-0.3
W.P. Labuan,Labuan,2011-08-01,2011,8,August,01,Food and non-alcoholic beverages,2.3,0.1
W.P. Putrajaya,Putrajaya,2011-08-01,2011,8,August,01,Food and non-alcoholic beverages,3.8,0.2
Johor,Johor,2011-09-01,2011,9,September,01,Food and non-alcoholic beverages,5.9,0.7
Kedah,Kedah,2011-09-01,2011,9,September,01,Food and non-alcoholic beverages,4.5,0.7
Kelantan,Kelantan,2011-09-01,2011,9,September,01,Food and non-alcoholic beverages,6.0,0.1
Melaka,Melaka,2011-09-01,2011,9,September,01,Food and non-alcoholic beverages,4.7,0.4
Negeri Sembilan,Negeri Sembilan,2011-09-01,2011,9,September,01,Food and non-alcoholic beverages,6.2,0.5
Pahang,Pahang,2011-09-01,2011,9,September,01,Food and non-alcoholic beverages,5.0,0.2
Perak,Perak,2011-09-01,2011,9,September,01,Food and non-alcoholic beverages,4.9,0.5
Perlis,Perlis,2011-09-01,2011,9,September,01,Food and non-alcoholic beverages,4.2,0.6
Pulau Pinang,Penang,2011-09-01,2011,9,September,01,Food and non-alcoholic beverages,5.0,0.3
Sabah,Sabah,2011-09-01,2011,9,September,01,Food and non-alcoholic beverages,4.9,0.3
Sarawak,Sarawak,2011-09-01,2011,9,September,01,Food and non-alcoholic beverages,3.1,0.2
Selangor,Selangor,2011-09-01,2011,9,September,01,Food and non-alcoholic beverages,5.4,0.5
Terengganu,Terengganu,2011-09-01,2011,9,September,01,Food and non-alcoholic beverages,6.1,0.3
W.P. Kuala Lumpur,Kuala Lumpur,2011-09-01,2011,9,September,01,Food and non-alcoholic beverages,3.6,0.4
W.P. Labuan,Labuan,2011-09-01,2011,9,September,01,Food and non-alcoholic beverages,2.8,0.2
W.P. Putrajaya,Putrajaya,2011-09-01,2011,9,September,01,Food and non-alcoholic beverages,4.3,1.4
Johor,Johor,2011-10-01,2011,10,October,01,Food and non-alcoholic beverages,6.9,0.9
Kedah,Kedah,2011-10-01,2011,10,October,01,Food and non-alcoholic beverages,4.8,0.7
Kelantan,Kelantan,2011-10-01,2011,10,October,01,Food and non-alcoholic beverages,6.7,0.2
Melaka,Melaka,2011-10-01,2011,10,October,01,Food and non-alcoholic beverages,6.0,0.9
Negeri Sembilan,Negeri Sembilan,2011-10-01,2011,10,October,01,Food and non-alcoholic beverages,6.5,0.7
Pahang,Pahang,2011-10-01,2011,10,October,01,Food and non-alcoholic beverages,6.0,1.0
Perak,Perak,2011-10-01,2011,10,October,01,Food and non-alcoholic beverages,5.7,1.0
Perlis,Perlis,2011-10-01,2011,10,October,01,Food and non-alcoholic beverages,5.3,1.1
Pulau Pinang,Penang,2011-10-01,2011,10,October,01,Food and non-alcoholic beverages,5.6,0.7
Sabah,Sabah,2011-10-01,2011,10,October,01,Food and non-alcoholic beverages,5.0,0.4
Sarawak,Sarawak,2011-10-01,2011,10,October,01,Food and non-alcoholic beverages,3.6,0.8
Selangor,Selangor,2011-10-01,2011,10,October,01,Food and non-alcoholic beverages,6.1,0.7
Terengganu,Terengganu,2011-10-01,2011,10,October,01,Food and non-alcoholic beverages,6.7,0.0
W.P. Kuala Lumpur,Kuala Lumpur,2011-10-01,2011,10,October,01,Food and non-alcoholic beverages,5.2,1.4
W.P. Labuan,Labuan,2011-10-01,2011,10,October,01,Food and non-alcoholic beverages,3.9,1.7
W.P. Putrajaya,Putrajaya,2011-10-01,2011,10,October,01,Food and non-alcoholic beverages,4.9,0.6
Johor,Johor,2011-11-01,2011,11,November,01,Food and non-alcoholic beverages,5.8,-0.4
Kedah,Kedah,2011-11-01,2011,11,November,01,Food and non-alcoholic beverages,4.2,0.1
Kelantan,Kelantan,2011-11-01,2011,11,November,01,Food and non-alcoholic beverages,5.4,-0.2
Melaka,Melaka,2011-11-01,2011,11,November,01,Food and non-alcoholic beverages,5.8,0.0
Negeri Sembilan,Negeri Sembilan,2011-11-01,2011,11,November,01,Food and non-alcoholic beverages,5.1,-0.7
Pahang,Pahang,2011-11-01,2011,11,November,01,Food and non-alcoholic beverages,5.5,-0.3
Perak,Perak,2011-11-01,2011,11,November,01,Food and non-alcoholic beverages,4.5,-0.6
Perlis,Perlis,2011-11-01,2011,11,November,01,Food and non-alcoholic beverages,3.8,-0.8
Pulau Pinang,Penang,2011-11-01,2011,11,November,01,Food and non-alcoholic beverages,5.1,0.2
Sabah,Sabah,2011-11-01,2011,11,November,01,Food and non-alcoholic beverages,5.0,0.2
Sarawak,Sarawak,2011-11-01,2011,11,November,01,Food and non-alcoholic beverages,3.9,0.5
Selangor,Selangor,2011-11-01,2011,11,November,01,Food and non-alcoholic beverages,5.7,0.1
Terengganu,Terengganu,2011-11-01,2011,11,November,01,Food and non-alcoholic beverages,5.1,-0.3
W.P. Kuala Lumpur,Kuala Lumpur,2011-11-01,2011,11,November,01,Food and non-alcoholic beverages,4.7,-0.3
W.P. Labuan,Labuan,2011-11-01,2011,11,November,01,Food and non-alcoholic beverages,5.2,0.0
W.P. Putrajaya,Putrajaya,2011-11-01,2011,11,November,01,Food and non-alcoholic beverages,4.5,-0.3
Johor,Johor,2011-12-01,2011,12,December,01,Food and non-alcoholic beverages,6.3,0.6
Kedah,Kedah,2011-12-01,2011,12,December,01,Food and non-alcoholic beverages,4.5,0.3
Kelantan,Kelantan,2011-12-01,2011,12,December,01,Food and non-alcoholic beverages,5.9,0.8
Melaka,Melaka,2011-12-01,2011,12,December,01,Food and non-alcoholic beverages,5.6,0.6
Negeri Sembilan,Negeri Sembilan,2011-12-01,2011,12,December,01,Food and non-alcoholic beverages,5.0,0.4
Pahang,Pahang,2011-12-01,2011,12,December,01,Food and non-alcoholic beverages,5.5,0.8
Perak,Perak,2011-12-01,2011,12,December,01,Food and non-alcoholic beverages,4.3,0.2
Perlis,Perlis,2011-12-01,2011,12,December,01,Food and non-alcoholic beverages,2.6,-0.4
Pulau Pinang,Penang,2011-12-01,2011,12,December,01,Food and non-alcoholic beverages,5.3,0.4
Sabah,Sabah,2011-12-01,2011,12,December,01,Food and non-alcoholic beverages,4.2,0.4
Sarawak,Sarawak,2011-12-01,2011,12,December,01,Food and non-alcoholic beverages,3.6,0.3
Selangor,Selangor,2011-12-01,2011,12,December,01,Food and non-alcoholic beverages,5.8,0.1
Terengganu,Terengganu,2011-12-01,2011,12,December,01,Food and non-alcoholic beverages,4.8,0.5
W.P. Kuala Lumpur,Kuala Lumpur,2011-12-01,2011,12,December,01,Food and non-alcoholic beverages,4.6,0.1
W.P. Labuan,Labuan,2011-12-01,2011,12,December,01,Food and non-alcoholic beverages,5.0,0.1
W.P. Putrajaya,Putrajaya,2011-12-01,2011,12,December,01,Food and non-alcoholic beverages,4.9,0.3
Johor,Johor,2012-01-01,2012,1,January,01,Food and non-alcoholic beverages,6.8,1.8
Kedah,Kedah,2012-01-01,2012,1,January,01,Food and non-alcoholic beverages,4.2,0.9
Kelantan,Kelantan,2012-01-01,2012,1,January,01,Food and non-alcoholic beverages,5.3,1.0
Melaka,Melaka,2012-01-01,2012,1,January,01,Food and non-alcoholic beverages,5.2,1.1
Negeri Sembilan,Negeri Sembilan,2012-01-01,2012,1,January,01,Food and non-alcoholic beverages,4.5,0.6
Pahang,Pahang,2012-01-01,2012,1,January,01,Food and non-alcoholic beverages,5.1,0.6
Perak,Perak,2012-01-01,2012,1,January,01,Food and non-alcoholic beverages,3.9,0.9
Perlis,Perlis,2012-01-01,2012,1,January,01,Food and non-alcoholic beverages,1.6,0.1
Pulau Pinang,Penang,2012-01-01,2012,1,January,01,Food and non-alcoholic beverages,4.9,0.8
Sabah,Sabah,2012-01-01,2012,1,January,01,Food and non-alcoholic beverages,3.4,0.8
Sarawak,Sarawak,2012-01-01,2012,1,January,01,Food and non-alcoholic beverages,3.6,0.9
Selangor,Selangor,2012-01-01,2012,1,January,01,Food and non-alcoholic beverages,5.3,0.6
Terengganu,Terengganu,2012-01-01,2012,1,January,01,Food and non-alcoholic beverages,4.1,0.8
W.P. Kuala Lumpur,Kuala Lumpur,2012-01-01,2012,1,January,01,Food and non-alcoholic beverages,3.8,0.6
W.P. Labuan,Labuan,2012-01-01,2012,1,January,01,Food and non-alcoholic beverages,4.7,1.4
W.P. Putrajaya,Putrajaya,2012-01-01,2012,1,January,01,Food and non-alcoholic beverages,3.6,0.2
Johor,Johor,2012-02-01,2012,2,February,01,Food and non-alcoholic beverages,3.3,-1.8
Kedah,Kedah,2012-02-01,2012,2,February,01,Food and non-alcoholic beverages,2.9,-0.6
Kelantan,Kelantan,2012-02-01,2012,2,February,01,Food and non-alcoholic beverages,3.8,-1.2
Melaka,Melaka,2012-02-01,2012,2,February,01,Food and non-alcoholic beverages,2.1,-1.6
Negeri Sembilan,Negeri Sembilan,2012-02-01,2012,2,February,01,Food and non-alcoholic beverages,2.8,-0.6
Pahang,Pahang,2012-02-01,2012,2,February,01,Food and non-alcoholic beverages,3.6,-0.6
Perak,Perak,2012-02-01,2012,2,February,01,Food and non-alcoholic beverages,2.0,-0.9
Perlis,Perlis,2012-02-01,2012,2,February,01,Food and non-alcoholic beverages,1.6,-0.4
Pulau Pinang,Penang,2012-02-01,2012,2,February,01,Food and non-alcoholic beverages,3.6,-0.6
Sabah,Sabah,2012-02-01,2012,2,February,01,Food and non-alcoholic beverages,2.9,0.0
Sarawak,Sarawak,2012-02-01,2012,2,February,01,Food and non-alcoholic beverages,2.6,-0.1
Selangor,Selangor,2012-02-01,2012,2,February,01,Food and non-alcoholic beverages,2.8,-0.7
Terengganu,Terengganu,2012-02-01,2012,2,February,01,Food and non-alcoholic beverages,2.2,-1.4
W.P. Kuala Lumpur,Kuala Lumpur,2012-02-01,2012,2,February,01,Food and non-alcoholic beverages,2.6,-0.5
W.P. Labuan,Labuan,2012-02-01,2012,2,February,01,Food and non-alcoholic beverages,5.6,1.0
W.P. Putrajaya,Putrajaya,2012-02-01,2012,2,February,01,Food and non-alcoholic beverages,3.3,-0.1
Johor,Johor,2012-03-01,2012,3,March,01,Food and non-alcoholic beverages,3.4,-0.3
Kedah,Kedah,2012-03-01,2012,3,March,01,Food and non-alcoholic beverages,2.2,-0.6
Kelantan,Kelantan,2012-03-01,2012,3,March,01,Food and non-alcoholic beverages,3.2,-0.2
Melaka,Melaka,2012-03-01,2012,3,March,01,Food and non-alcoholic beverages,2.7,0.0
Negeri Sembilan,Negeri Sembilan,2012-03-01,2012,3,March,01,Food and non-alcoholic beverages,1.9,-0.5
Pahang,Pahang,2012-03-01,2012,3,March,01,Food and non-alcoholic beverages,3.6,0.0
Perak,Perak,2012-03-01,2012,3,March,01,Food and non-alcoholic beverages,2.3,0.1
Perlis,Perlis,2012-03-01,2012,3,March,01,Food and non-alcoholic beverages,0.6,-0.1
Pulau Pinang,Penang,2012-03-01,2012,3,March,01,Food and non-alcoholic beverages,3.6,0.1
Sabah,Sabah,2012-03-01,2012,3,March,01,Food and non-alcoholic beverages,2.9,0.2
Sarawak,Sarawak,2012-03-01,2012,3,March,01,Food and non-alcoholic beverages,3.2,0.5
Selangor,Selangor,2012-03-01,2012,3,March,01,Food and non-alcoholic beverages,2.8,0.1
Terengganu,Terengganu,2012-03-01,2012,3,March,01,Food and non-alcoholic beverages,2.3,0.0
W.P. Kuala Lumpur,Kuala Lumpur,2012-03-01,2012,3,March,01,Food and non-alcoholic beverages,2.3,-0.3
W.P. Labuan,Labuan,2012-03-01,2012,3,March,01,Food and non-alcoholic beverages,5.4,0.1
W.P. Putrajaya,Putrajaya,2012-03-01,2012,3,March,01,Food and non-alcoholic beverages,3.2,-0.1
Johor,Johor,2012-04-01,2012,4,April,01,Food and non-alcoholic beverages,3.0,-0.3
Kedah,Kedah,2012-04-01,2012,4,April,01,Food and non-alcoholic beverages,2.2,0.0
Kelantan,Kelantan,2012-04-01,2012,4,April,01,Food and non-alcoholic beverages,2.1,-0.3
Melaka,Melaka,2012-04-01,2012,4,April,01,Food and non-alcoholic beverages,2.2,-0.4
Negeri Sembilan,Negeri Sembilan,2012-04-01,2012,4,April,01,Food and non-alcoholic beverages,1.2,-0.3
Pahang,Pahang,2012-04-01,2012,4,April,01,Food and non-alcoholic beverages,2.6,-0.2
Perak,Perak,2012-04-01,2012,4,April,01,Food and non-alcoholic beverages,1.4,-0.6
Perlis,Perlis,2012-04-01,2012,4,April,01,Food and non-alcoholic beverages,0.3,-0.1
Pulau Pinang,Penang,2012-04-01,2012,4,April,01,Food and non-alcoholic beverages,3.2,-0.2
Sabah,Sabah,2012-04-01,2012,4,April,01,Food and non-alcoholic beverages,2.0,-0.6
Sarawak,Sarawak,2012-04-01,2012,4,April,01,Food and non-alcoholic beverages,3.2,-0.1
Selangor,Selangor,2012-04-01,2012,4,April,01,Food and non-alcoholic beverages,2.5,-0.1
Terengganu,Terengganu,2012-04-01,2012,4,April,01,Food and non-alcoholic beverages,1.2,-0.3
W.P. Kuala Lumpur,Kuala Lumpur,2012-04-01,2012,4,April,01,Food and non-alcoholic beverages,1.8,-0.5
W.P. Labuan,Labuan,2012-04-01,2012,4,April,01,Food and non-alcoholic beverages,5.9,0.4
W.P. Putrajaya,Putrajaya,2012-04-01,2012,4,April,01,Food and non-alcoholic beverages,2.8,-0.1
Johor,Johor,2012-05-01,2012,5,May,01,Food and non-alcoholic beverages,3.8,0.9
Kedah,Kedah,2012-05-01,2012,5,May,01,Food and non-alcoholic beverages,3.1,0.9
Kelantan,Kelantan,2012-05-01,2012,5,May,01,Food and non-alcoholic beverages,2.4,0.7
Melaka,Melaka,2012-05-01,2012,5,May,01,Food and non-alcoholic beverages,3.5,1.2
Negeri Sembilan,Negeri Sembilan,2012-05-01,2012,5,May,01,Food and non-alcoholic beverages,1.8,0.7
Pahang,Pahang,2012-05-01,2012,5,May,01,Food and non-alcoholic beverages,3.6,1.1
Perak,Perak,2012-05-01,2012,5,May,01,Food and non-alcoholic beverages,1.9,0.5
Perlis,Perlis,2012-05-01,2012,5,May,01,Food and non-alcoholic beverages,0.5,0.0
Pulau Pinang,Penang,2012-05-01,2012,5,May,01,Food and non-alcoholic beverages,3.7,0.6
Sabah,Sabah,2012-05-01,2012,5,May,01,Food and non-alcoholic beverages,2.5,0.2
Sarawak,Sarawak,2012-05-01,2012,5,May,01,Food and non-alcoholic beverages,3.1,-0.1
Selangor,Selangor,2012-05-01,2012,5,May,01,Food and non-alcoholic beverages,3.1,0.6
Terengganu,Terengganu,2012-05-01,2012,5,May,01,Food and non-alcoholic beverages,2.2,0.8
W.P. Kuala Lumpur,Kuala Lumpur,2012-05-01,2012,5,May,01,Food and non-alcoholic beverages,2.4,0.7
W.P. Labuan,Labuan,2012-05-01,2012,5,May,01,Food and non-alcoholic beverages,5.5,-0.1
W.P. Putrajaya,Putrajaya,2012-05-01,2012,5,May,01,Food and non-alcoholic beverages,2.9,0.2
Johor,Johor,2012-06-01,2012,6,June,01,Food and non-alcoholic beverages,2.8,0.6
Kedah,Kedah,2012-06-01,2012,6,June,01,Food and non-alcoholic beverages,3.3,0.6
Kelantan,Kelantan,2012-06-01,2012,6,June,01,Food and non-alcoholic beverages,2.9,1.2
Melaka,Melaka,2012-06-01,2012,6,June,01,Food and non-alcoholic beverages,3.3,0.8
Negeri Sembilan,Negeri Sembilan,2012-06-01,2012,6,June,01,Food and non-alcoholic beverages,1.9,0.7
Pahang,Pahang,2012-06-01,2012,6,June,01,Food and non-alcoholic beverages,3.3,0.3
Perak,Perak,2012-06-01,2012,6,June,01,Food and non-alcoholic beverages,1.9,0.6
Perlis,Perlis,2012-06-01,2012,6,June,01,Food and non-alcoholic beverages,0.8,0.6
Pulau Pinang,Penang,2012-06-01,2012,6,June,01,Food and non-alcoholic beverages,3.5,0.7
Sabah,Sabah,2012-06-01,2012,6,June,01,Food and non-alcoholic beverages,2.8,0.4
Sarawak,Sarawak,2012-06-01,2012,6,June,01,Food and non-alcoholic beverages,3.3,0.4
Selangor,Selangor,2012-06-01,2012,6,June,01,Food and non-alcoholic beverages,2.8,0.6
Terengganu,Terengganu,2012-06-01,2012,6,June,01,Food and non-alcoholic beverages,2.0,0.8
W.P. Kuala Lumpur,Kuala Lumpur,2012-06-01,2012,6,June,01,Food and non-alcoholic beverages,2.4,0.3
W.P. Labuan,Labuan,2012-06-01,2012,6,June,01,Food and non-alcoholic beverages,5.9,0.6
W.P. Putrajaya,Putrajaya,2012-06-01,2012,6,June,01,Food and non-alcoholic beverages,2.9,0.3
Johor,Johor,2012-07-01,2012,7,July,01,Food and non-alcoholic beverages,2.6,0.3
Kedah,Kedah,2012-07-01,2012,7,July,01,Food and non-alcoholic beverages,3.0,0.1
Kelantan,Kelantan,2012-07-01,2012,7,July,01,Food and non-alcoholic beverages,2.3,-0.2
Melaka,Melaka,2012-07-01,2012,7,July,01,Food and non-alcoholic beverages,3.2,0.3
Negeri Sembilan,Negeri Sembilan,2012-07-01,2012,7,July,01,Food and non-alcoholic beverages,1.5,-0.1
Pahang,Pahang,2012-07-01,2012,7,July,01,Food and non-alcoholic beverages,2.9,0.1
Perak,Perak,2012-07-01,2012,7,July,01,Food and non-alcoholic beverages,1.3,-0.2
Perlis,Perlis,2012-07-01,2012,7,July,01,Food and non-alcoholic beverages,0.7,0.1
Pulau Pinang,Penang,2012-07-01,2012,7,July,01,Food and non-alcoholic beverages,2.7,-0.2
Sabah,Sabah,2012-07-01,2012,7,July,01,Food and non-alcoholic beverages,3.3,0.5
Sarawak,Sarawak,2012-07-01,2012,7,July,01,Food and non-alcoholic beverages,3.9,0.7
Selangor,Selangor,2012-07-01,2012,7,July,01,Food and non-alcoholic beverages,2.3,0.1
Terengganu,Terengganu,2012-07-01,2012,7,July,01,Food and non-alcoholic beverages,1.5,0.2
W.P. Kuala Lumpur,Kuala Lumpur,2012-07-01,2012,7,July,01,Food and non-alcoholic beverages,1.9,0.3
W.P. Labuan,Labuan,2012-07-01,2012,7,July,01,Food and non-alcoholic beverages,5.9,0.3
W.P. Putrajaya,Putrajaya,2012-07-01,2012,7,July,01,Food and non-alcoholic beverages,2.6,0.1
Johor,Johor,2012-08-01,2012,8,August,01,Food and non-alcoholic beverages,3.2,0.3
Kedah,Kedah,2012-08-01,2012,8,August,01,Food and non-alcoholic beverages,3.3,0.2
Kelantan,Kelantan,2012-08-01,2012,8,August,01,Food and non-alcoholic beverages,2.5,0.5
Melaka,Melaka,2012-08-01,2012,8,August,01,Food and non-alcoholic beverages,3.7,0.4
Negeri Sembilan,Negeri Sembilan,2012-08-01,2012,8,August,01,Food and non-alcoholic beverages,1.4,0.1
Pahang,Pahang,2012-08-01,2012,8,August,01,Food and non-alcoholic beverages,2.9,-0.2
Perak,Perak,2012-08-01,2012,8,August,01,Food and non-alcoholic beverages,1.3,-0.1
Perlis,Perlis,2012-08-01,2012,8,August,01,Food and non-alcoholic beverages,0.6,-0.2
Pulau Pinang,Penang,2012-08-01,2012,8,August,01,Food and non-alcoholic beverages,2.6,-0.1
Sabah,Sabah,2012-08-01,2012,8,August,01,Food and non-alcoholic beverages,2.9,0.1
Sarawak,Sarawak,2012-08-01,2012,8,August,01,Food and non-alcoholic beverages,3.9,0.0
Selangor,Selangor,2012-08-01,2012,8,August,01,Food and non-alcoholic beverages,2.7,0.2
Terengganu,Terengganu,2012-08-01,2012,8,August,01,Food and non-alcoholic beverages,1.1,-0.4
W.P. Kuala Lumpur,Kuala Lumpur,2012-08-01,2012,8,August,01,Food and non-alcoholic beverages,2.3,0.1
W.P. Labuan,Labuan,2012-08-01,2012,8,August,01,Food and non-alcoholic beverages,5.8,0.0
W.P. Putrajaya,Putrajaya,2012-08-01,2012,8,August,01,Food and non-alcoholic beverages,2.4,0.0
Johor,Johor,2012-09-01,2012,9,September,01,Food and non-alcoholic beverages,2.7,0.2
Kedah,Kedah,2012-09-01,2012,9,September,01,Food and non-alcoholic beverages,2.8,0.2
Kelantan,Kelantan,2012-09-01,2012,9,September,01,Food and non-alcoholic beverages,1.6,-0.8
Melaka,Melaka,2012-09-01,2012,9,September,01,Food and non-alcoholic beverages,3.3,0.0
Negeri Sembilan,Negeri Sembilan,2012-09-01,2012,9,September,01,Food and non-alcoholic beverages,0.9,0.0
Pahang,Pahang,2012-09-01,2012,9,September,01,Food and non-alcoholic beverages,2.8,0.2
Perak,Perak,2012-09-01,2012,9,September,01,Food and non-alcoholic beverages,1.1,0.3
Perlis,Perlis,2012-09-01,2012,9,September,01,Food and non-alcoholic beverages,0.2,0.2
Pulau Pinang,Penang,2012-09-01,2012,9,September,01,Food and non-alcoholic beverages,2.6,0.3
Sabah,Sabah,2012-09-01,2012,9,September,01,Food and non-alcoholic beverages,2.0,-0.6
Sarawak,Sarawak,2012-09-01,2012,9,September,01,Food and non-alcoholic beverages,4.0,0.3
Selangor,Selangor,2012-09-01,2012,9,September,01,Food and non-alcoholic beverages,2.4,0.2
Terengganu,Terengganu,2012-09-01,2012,9,September,01,Food and non-alcoholic beverages,-0.2,-1.0
W.P. Kuala Lumpur,Kuala Lumpur,2012-09-01,2012,9,September,01,Food and non-alcoholic beverages,2.2,0.3
W.P. Labuan,Labuan,2012-09-01,2012,9,September,01,Food and non-alcoholic beverages,5.8,0.2
W.P. Putrajaya,Putrajaya,2012-09-01,2012,9,September,01,Food and non-alcoholic beverages,1.0,0.0
Johor,Johor,2012-10-01,2012,10,October,01,Food and non-alcoholic beverages,1.9,0.1
Kedah,Kedah,2012-10-01,2012,10,October,01,Food and non-alcoholic beverages,2.8,0.7
Kelantan,Kelantan,2012-10-01,2012,10,October,01,Food and non-alcoholic beverages,1.3,-0.1
Melaka,Melaka,2012-10-01,2012,10,October,01,Food and non-alcoholic beverages,2.8,0.4
Negeri Sembilan,Negeri Sembilan,2012-10-01,2012,10,October,01,Food and non-alcoholic beverages,0.7,0.5
Pahang,Pahang,2012-10-01,2012,10,October,01,Food and non-alcoholic beverages,2.1,0.3
Perak,Perak,2012-10-01,2012,10,October,01,Food and non-alcoholic beverages,0.8,0.6
Perlis,Perlis,2012-10-01,2012,10,October,01,Food and non-alcoholic beverages,-0.6,0.4
Pulau Pinang,Penang,2012-10-01,2012,10,October,01,Food and non-alcoholic beverages,2.5,0.6
Sabah,Sabah,2012-10-01,2012,10,October,01,Food and non-alcoholic beverages,2.3,0.7
Sarawak,Sarawak,2012-10-01,2012,10,October,01,Food and non-alcoholic beverages,3.6,0.4
Selangor,Selangor,2012-10-01,2012,10,October,01,Food and non-alcoholic beverages,2.2,0.5
Terengganu,Terengganu,2012-10-01,2012,10,October,01,Food and non-alcoholic beverages,-0.1,0.1
W.P. Kuala Lumpur,Kuala Lumpur,2012-10-01,2012,10,October,01,Food and non-alcoholic beverages,1.0,0.3
W.P. Labuan,Labuan,2012-10-01,2012,10,October,01,Food and non-alcoholic beverages,4.0,0.0
W.P. Putrajaya,Putrajaya,2012-10-01,2012,10,October,01,Food and non-alcoholic beverages,0.9,0.4
Johor,Johor,2012-11-01,2012,11,November,01,Food and non-alcoholic beverages,2.3,0.1
Kedah,Kedah,2012-11-01,2012,11,November,01,Food and non-alcoholic beverages,2.5,-0.3
Kelantan,Kelantan,2012-11-01,2012,11,November,01,Food and non-alcoholic beverages,1.5,0.0
Melaka,Melaka,2012-11-01,2012,11,November,01,Food and non-alcoholic beverages,2.5,-0.3
Negeri Sembilan,Negeri Sembilan,2012-11-01,2012,11,November,01,Food and non-alcoholic beverages,1.3,-0.1
Pahang,Pahang,2012-11-01,2012,11,November,01,Food and non-alcoholic beverages,3.0,0.6
Perak,Perak,2012-11-01,2012,11,November,01,Food and non-alcoholic beverages,1.3,0.0
Perlis,Perlis,2012-11-01,2012,11,November,01,Food and non-alcoholic beverages,-0.4,-0.6
Pulau Pinang,Penang,2012-11-01,2012,11,November,01,Food and non-alcoholic beverages,2.1,-0.2
Sabah,Sabah,2012-11-01,2012,11,November,01,Food and non-alcoholic beverages,2.2,0.1
Sarawak,Sarawak,2012-11-01,2012,11,November,01,Food and non-alcoholic beverages,3.2,0.1
Selangor,Selangor,2012-11-01,2012,11,November,01,Food and non-alcoholic beverages,1.9,-0.2
Terengganu,Terengganu,2012-11-01,2012,11,November,01,Food and non-alcoholic beverages,0.6,0.4
W.P. Kuala Lumpur,Kuala Lumpur,2012-11-01,2012,11,November,01,Food and non-alcoholic beverages,1.0,-0.3
W.P. Labuan,Labuan,2012-11-01,2012,11,November,01,Food and non-alcoholic beverages,3.8,-0.2
W.P. Putrajaya,Putrajaya,2012-11-01,2012,11,November,01,Food and non-alcoholic beverages,1.0,-0.1
Johor,Johor,2012-12-01,2012,12,December,01,Food and non-alcoholic beverages,2.2,0.5
Kedah,Kedah,2012-12-01,2012,12,December,01,Food and non-alcoholic beverages,2.5,0.3
Kelantan,Kelantan,2012-12-01,2012,12,December,01,Food and non-alcoholic beverages,0.9,0.3
Melaka,Melaka,2012-12-01,2012,12,December,01,Food and non-alcoholic beverages,2.7,0.7
Negeri Sembilan,Negeri Sembilan,2012-12-01,2012,12,December,01,Food and non-alcoholic beverages,1.2,0.3
Pahang,Pahang,2012-12-01,2012,12,December,01,Food and non-alcoholic beverages,2.7,0.5
Perak,Perak,2012-12-01,2012,12,December,01,Food and non-alcoholic beverages,1.2,0.1
Perlis,Perlis,2012-12-01,2012,12,December,01,Food and non-alcoholic beverages,0.4,0.4
Pulau Pinang,Penang,2012-12-01,2012,12,December,01,Food and non-alcoholic beverages,2.0,0.3
Sabah,Sabah,2012-12-01,2012,12,December,01,Food and non-alcoholic beverages,2.1,0.3
Sarawak,Sarawak,2012-12-01,2012,12,December,01,Food and non-alcoholic beverages,2.6,-0.3
Selangor,Selangor,2012-12-01,2012,12,December,01,Food and non-alcoholic beverages,2.1,0.3
Terengganu,Terengganu,2012-12-01,2012,12,December,01,Food and non-alcoholic beverages,0.7,0.6
W.P. Kuala Lumpur,Kuala Lumpur,2012-12-01,2012,12,December,01,Food and non-alcoholic beverages,1.3,0.4
W.P. Labuan,Labuan,2012-12-01,2012,12,December,01,Food and non-alcoholic beverages,4.5,0.7
W.P. Putrajaya,Putrajaya,2012-12-01,2012,12,December,01,Food and non-alcoholic beverages,0.9,0.1
Johor,Johor,2013-01-01,2013,1,January,01,Food and non-alcoholic beverages,2.0,1.5
Kedah,Kedah,2013-01-01,2013,1,January,01,Food and non-alcoholic beverages,3.1,1.5
Kelantan,Kelantan,2013-01-01,2013,1,January,01,Food and non-alcoholic beverages,1.2,1.3
Melaka,Melaka,2013-01-01,2013,1,January,01,Food and non-alcoholic beverages,2.7,1.1
Negeri Sembilan,Negeri Sembilan,2013-01-01,2013,1,January,01,Food and non-alcoholic beverages,1.7,1.0
Pahang,Pahang,2013-01-01,2013,1,January,01,Food and non-alcoholic beverages,3.3,1.2
Perak,Perak,2013-01-01,2013,1,January,01,Food and non-alcoholic beverages,1.3,1.0
Perlis,Perlis,2013-01-01,2013,1,January,01,Food and non-alcoholic beverages,0.6,0.3
Pulau Pinang,Penang,2013-01-01,2013,1,January,01,Food and non-alcoholic beverages,2.9,1.6
Sabah,Sabah,2013-01-01,2013,1,January,01,Food and non-alcoholic beverages,2.1,0.8
Sarawak,Sarawak,2013-01-01,2013,1,January,01,Food and non-alcoholic beverages,2.4,0.7
Selangor,Selangor,2013-01-01,2013,1,January,01,Food and non-alcoholic beverages,2.5,1.0
Terengganu,Terengganu,2013-01-01,2013,1,January,01,Food and non-alcoholic beverages,1.7,1.9
W.P. Kuala Lumpur,Kuala Lumpur,2013-01-01,2013,1,January,01,Food and non-alcoholic beverages,1.5,0.7
W.P. Labuan,Labuan,2013-01-01,2013,1,January,01,Food and non-alcoholic beverages,3.4,0.4
W.P. Putrajaya,Putrajaya,2013-01-01,2013,1,January,01,Food and non-alcoholic beverages,1.2,0.6
Johor,Johor,2013-02-01,2013,2,February,01,Food and non-alcoholic beverages,4.4,0.4
Kedah,Kedah,2013-02-01,2013,2,February,01,Food and non-alcoholic beverages,3.7,0.0
Kelantan,Kelantan,2013-02-01,2013,2,February,01,Food and non-alcoholic beverages,2.7,0.3
Melaka,Melaka,2013-02-01,2013,2,February,01,Food and non-alcoholic beverages,4.5,0.2
Negeri Sembilan,Negeri Sembilan,2013-02-01,2013,2,February,01,Food and non-alcoholic beverages,2.8,0.5
Pahang,Pahang,2013-02-01,2013,2,February,01,Food and non-alcoholic beverages,4.0,0.0
Perak,Perak,2013-02-01,2013,2,February,01,Food and non-alcoholic beverages,2.5,0.2
Perlis,Perlis,2013-02-01,2013,2,February,01,Food and non-alcoholic beverages,0.7,-0.3
Pulau Pinang,Penang,2013-02-01,2013,2,February,01,Food and non-alcoholic beverages,3.5,0.0
Sabah,Sabah,2013-02-01,2013,2,February,01,Food and non-alcoholic beverages,3.4,1.3
Sarawak,Sarawak,2013-02-01,2013,2,February,01,Food and non-alcoholic beverages,2.8,0.4
Selangor,Selangor,2013-02-01,2013,2,February,01,Food and non-alcoholic beverages,3.5,0.3
Terengganu,Terengganu,2013-02-01,2013,2,February,01,Food and non-alcoholic beverages,2.9,-0.2
W.P. Kuala Lumpur,Kuala Lumpur,2013-02-01,2013,2,February,01,Food and non-alcoholic beverages,1.8,-0.2
W.P. Labuan,Labuan,2013-02-01,2013,2,February,01,Food and non-alcoholic beverages,2.0,-0.4
W.P. Putrajaya,Putrajaya,2013-02-01,2013,2,February,01,Food and non-alcoholic beverages,1.2,-0.1
Johor,Johor,2013-03-01,2013,3,March,01,Food and non-alcoholic beverages,4.2,-0.4
Kedah,Kedah,2013-03-01,2013,3,March,01,Food and non-alcoholic beverages,4.2,-0.1
Kelantan,Kelantan,2013-03-01,2013,3,March,01,Food and non-alcoholic beverages,2.6,-0.3
Melaka,Melaka,2013-03-01,2013,3,March,01,Food and non-alcoholic beverages,4.0,-0.4
Negeri Sembilan,Negeri Sembilan,2013-03-01,2013,3,March,01,Food and non-alcoholic beverages,3.4,0.1
Pahang,Pahang,2013-03-01,2013,3,March,01,Food and non-alcoholic beverages,4.3,0.3
Perak,Perak,2013-03-01,2013,3,March,01,Food and non-alcoholic beverages,2.2,-0.2
Perlis,Perlis,2013-03-01,2013,3,March,01,Food and non-alcoholic beverages,0.8,0.0
Pulau Pinang,Penang,2013-03-01,2013,3,March,01,Food and non-alcoholic beverages,3.2,-0.2
Sabah,Sabah,2013-03-01,2013,3,March,01,Food and non-alcoholic beverages,3.4,0.2
Sarawak,Sarawak,2013-03-01,2013,3,March,01,Food and non-alcoholic beverages,2.7,0.4
Selangor,Selangor,2013-03-01,2013,3,March,01,Food and non-alcoholic beverages,3.6,0.2
Terengganu,Terengganu,2013-03-01,2013,3,March,01,Food and non-alcoholic beverages,2.5,-0.4
W.P. Kuala Lumpur,Kuala Lumpur,2013-03-01,2013,3,March,01,Food and non-alcoholic beverages,2.1,0.0
W.P. Labuan,Labuan,2013-03-01,2013,3,March,01,Food and non-alcoholic beverages,2.8,0.9
W.P. Putrajaya,Putrajaya,2013-03-01,2013,3,March,01,Food and non-alcoholic beverages,2.7,1.4
Johor,Johor,2013-04-01,2013,4,April,01,Food and non-alcoholic beverages,4.2,-0.3
Kedah,Kedah,2013-04-01,2013,4,April,01,Food and non-alcoholic beverages,4.6,0.4
Kelantan,Kelantan,2013-04-01,2013,4,April,01,Food and non-alcoholic beverages,3.2,0.3
Melaka,Melaka,2013-04-01,2013,4,April,01,Food and non-alcoholic beverages,4.8,0.4
Negeri Sembilan,Negeri Sembilan,2013-04-01,2013,4,April,01,Food and non-alcoholic beverages,3.6,-0.1
Pahang,Pahang,2013-04-01,2013,4,April,01,Food and non-alcoholic beverages,4.4,-0.1
Perak,Perak,2013-04-01,2013,4,April,01,Food and non-alcoholic beverages,2.9,0.2
Perlis,Perlis,2013-04-01,2013,4,April,01,Food and non-alcoholic beverages,1.2,0.3
Pulau Pinang,Penang,2013-04-01,2013,4,April,01,Food and non-alcoholic beverages,3.6,0.2
Sabah,Sabah,2013-04-01,2013,4,April,01,Food and non-alcoholic beverages,3.4,-0.5
Sarawak,Sarawak,2013-04-01,2013,4,April,01,Food and non-alcoholic beverages,2.7,-0.1
Selangor,Selangor,2013-04-01,2013,4,April,01,Food and non-alcoholic beverages,4.2,0.5
Terengganu,Terengganu,2013-04-01,2013,4,April,01,Food and non-alcoholic beverages,2.8,0.0
W.P. Kuala Lumpur,Kuala Lumpur,2013-04-01,2013,4,April,01,Food and non-alcoholic beverages,2.8,0.2
W.P. Labuan,Labuan,2013-04-01,2013,4,April,01,Food and non-alcoholic beverages,2.7,0.3
W.P. Putrajaya,Putrajaya,2013-04-01,2013,4,April,01,Food and non-alcoholic beverages,5.6,2.7
Johor,Johor,2013-05-01,2013,5,May,01,Food and non-alcoholic beverages,3.9,0.6
Kedah,Kedah,2013-05-01,2013,5,May,01,Food and non-alcoholic beverages,4.0,0.5
Kelantan,Kelantan,2013-05-01,2013,5,May,01,Food and non-alcoholic beverages,3.1,0.6
Melaka,Melaka,2013-05-01,2013,5,May,01,Food and non-alcoholic beverages,4.2,0.6
Negeri Sembilan,Negeri Sembilan,2013-05-01,2013,5,May,01,Food and non-alcoholic beverages,3.4,0.5
Pahang,Pahang,2013-05-01,2013,5,May,01,Food and non-alcoholic beverages,4.4,1.2
Perak,Perak,2013-05-01,2013,5,May,01,Food and non-alcoholic beverages,2.8,0.4
Perlis,Perlis,2013-05-01,2013,5,May,01,Food and non-alcoholic beverages,1.2,0.0
Pulau Pinang,Penang,2013-05-01,2013,5,May,01,Food and non-alcoholic beverages,3.5,0.4
Sabah,Sabah,2013-05-01,2013,5,May,01,Food and non-alcoholic beverages,2.7,-0.5
Sarawak,Sarawak,2013-05-01,2013,5,May,01,Food and non-alcoholic beverages,2.9,0.1
Selangor,Selangor,2013-05-01,2013,5,May,01,Food and non-alcoholic beverages,4.1,0.4
Terengganu,Terengganu,2013-05-01,2013,5,May,01,Food and non-alcoholic beverages,2.9,0.9
W.P. Kuala Lumpur,Kuala Lumpur,2013-05-01,2013,5,May,01,Food and non-alcoholic beverages,2.5,0.4
W.P. Labuan,Labuan,2013-05-01,2013,5,May,01,Food and non-alcoholic beverages,2.8,0.0
W.P. Putrajaya,Putrajaya,2013-05-01,2013,5,May,01,Food and non-alcoholic beverages,5.4,0.0
Johor,Johor,2013-06-01,2013,6,June,01,Food and non-alcoholic beverages,3.7,0.4
Kedah,Kedah,2013-06-01,2013,6,June,01,Food and non-alcoholic beverages,3.6,0.1
Kelantan,Kelantan,2013-06-01,2013,6,June,01,Food and non-alcoholic beverages,3.1,1.3
Melaka,Melaka,2013-06-01,2013,6,June,01,Food and non-alcoholic beverages,3.7,0.4
Negeri Sembilan,Negeri Sembilan,2013-06-01,2013,6,June,01,Food and non-alcoholic beverages,2.8,0.1
Pahang,Pahang,2013-06-01,2013,6,June,01,Food and non-alcoholic beverages,4.0,-0.2
Perak,Perak,2013-06-01,2013,6,June,01,Food and non-alcoholic beverages,2.6,0.4
Perlis,Perlis,2013-06-01,2013,6,June,01,Food and non-alcoholic beverages,0.5,-0.1
Pulau Pinang,Penang,2013-06-01,2013,6,June,01,Food and non-alcoholic beverages,3.1,0.4
Sabah,Sabah,2013-06-01,2013,6,June,01,Food and non-alcoholic beverages,2.5,0.2
Sarawak,Sarawak,2013-06-01,2013,6,June,01,Food and non-alcoholic beverages,2.6,0.1
Selangor,Selangor,2013-06-01,2013,6,June,01,Food and non-alcoholic beverages,3.8,0.3
Terengganu,Terengganu,2013-06-01,2013,6,June,01,Food and non-alcoholic beverages,2.7,0.6
W.P. Kuala Lumpur,Kuala Lumpur,2013-06-01,2013,6,June,01,Food and non-alcoholic beverages,2.7,0.6
W.P. Labuan,Labuan,2013-06-01,2013,6,June,01,Food and non-alcoholic beverages,2.7,0.5
W.P. Putrajaya,Putrajaya,2013-06-01,2013,6,June,01,Food and non-alcoholic beverages,5.7,0.6
Johor,Johor,2013-07-01,2013,7,July,01,Food and non-alcoholic beverages,4.0,0.6
Kedah,Kedah,2013-07-01,2013,7,July,01,Food and non-alcoholic beverages,4.3,0.8
Kelantan,Kelantan,2013-07-01,2013,7,July,01,Food and non-alcoholic beverages,4.3,1.0
Melaka,Melaka,2013-07-01,2013,7,July,01,Food and non-alcoholic beverages,4.5,1.1
Negeri Sembilan,Negeri Sembilan,2013-07-01,2013,7,July,01,Food and non-alcoholic beverages,3.5,0.6
Pahang,Pahang,2013-07-01,2013,7,July,01,Food and non-alcoholic beverages,4.6,0.7
Perak,Perak,2013-07-01,2013,7,July,01,Food and non-alcoholic beverages,3.6,0.7
Perlis,Perlis,2013-07-01,2013,7,July,01,Food and non-alcoholic beverages,1.0,0.7
Pulau Pinang,Penang,2013-07-01,2013,7,July,01,Food and non-alcoholic beverages,3.7,0.4
Sabah,Sabah,2013-07-01,2013,7,July,01,Food and non-alcoholic beverages,2.5,0.5
Sarawak,Sarawak,2013-07-01,2013,7,July,01,Food and non-alcoholic beverages,2.6,0.6
Selangor,Selangor,2013-07-01,2013,7,July,01,Food and non-alcoholic beverages,4.5,0.8
Terengganu,Terengganu,2013-07-01,2013,7,July,01,Food and non-alcoholic beverages,2.8,0.3
W.P. Kuala Lumpur,Kuala Lumpur,2013-07-01,2013,7,July,01,Food and non-alcoholic beverages,3.1,0.6
W.P. Labuan,Labuan,2013-07-01,2013,7,July,01,Food and non-alcoholic beverages,3.7,1.3
W.P. Putrajaya,Putrajaya,2013-07-01,2013,7,July,01,Food and non-alcoholic beverages,5.9,0.3
Johor,Johor,2013-08-01,2013,8,August,01,Food and non-alcoholic beverages,4.0,0.3
Kedah,Kedah,2013-08-01,2013,8,August,01,Food and non-alcoholic beverages,3.9,-0.2
Kelantan,Kelantan,2013-08-01,2013,8,August,01,Food and non-alcoholic beverages,3.6,-0.3
Melaka,Melaka,2013-08-01,2013,8,August,01,Food and non-alcoholic beverages,3.8,-0.3
Negeri Sembilan,Negeri Sembilan,2013-08-01,2013,8,August,01,Food and non-alcoholic beverages,3.2,-0.2
Pahang,Pahang,2013-08-01,2013,8,August,01,Food and non-alcoholic beverages,4.3,-0.4
Perak,Perak,2013-08-01,2013,8,August,01,Food and non-alcoholic beverages,3.3,-0.4
Perlis,Perlis,2013-08-01,2013,8,August,01,Food and non-alcoholic beverages,1.4,0.2
Pulau Pinang,Penang,2013-08-01,2013,8,August,01,Food and non-alcoholic beverages,3.5,-0.3
Sabah,Sabah,2013-08-01,2013,8,August,01,Food and non-alcoholic beverages,2.4,0.0
Sarawak,Sarawak,2013-08-01,2013,8,August,01,Food and non-alcoholic beverages,3.1,0.5
Selangor,Selangor,2013-08-01,2013,8,August,01,Food and non-alcoholic beverages,4.2,-0.1
Terengganu,Terengganu,2013-08-01,2013,8,August,01,Food and non-alcoholic beverages,2.7,-0.4
W.P. Kuala Lumpur,Kuala Lumpur,2013-08-01,2013,8,August,01,Food and non-alcoholic beverages,2.6,-0.4
W.P. Labuan,Labuan,2013-08-01,2013,8,August,01,Food and non-alcoholic beverages,3.3,-0.4
W.P. Putrajaya,Putrajaya,2013-08-01,2013,8,August,01,Food and non-alcoholic beverages,6.0,0.1
Johor,Johor,2013-09-01,2013,9,September,01,Food and non-alcoholic beverages,4.0,0.2
Kedah,Kedah,2013-09-01,2013,9,September,01,Food and non-alcoholic beverages,4.1,0.4
Kelantan,Kelantan,2013-09-01,2013,9,September,01,Food and non-alcoholic beverages,4.0,-0.4
Melaka,Melaka,2013-09-01,2013,9,September,01,Food and non-alcoholic beverages,4.3,0.4
Negeri Sembilan,Negeri Sembilan,2013-09-01,2013,9,September,01,Food and non-alcoholic beverages,3.6,0.4
Pahang,Pahang,2013-09-01,2013,9,September,01,Food and non-alcoholic beverages,4.9,0.7
Perak,Perak,2013-09-01,2013,9,September,01,Food and non-alcoholic beverages,3.5,0.5
Perlis,Perlis,2013-09-01,2013,9,September,01,Food and non-alcoholic beverages,0.8,-0.5
Pulau Pinang,Penang,2013-09-01,2013,9,September,01,Food and non-alcoholic beverages,3.8,0.5
Sabah,Sabah,2013-09-01,2013,9,September,01,Food and non-alcoholic beverages,3.6,0.6
Sarawak,Sarawak,2013-09-01,2013,9,September,01,Food and non-alcoholic beverages,3.2,0.4
Selangor,Selangor,2013-09-01,2013,9,September,01,Food and non-alcoholic beverages,4.4,0.4
Terengganu,Terengganu,2013-09-01,2013,9,September,01,Food and non-alcoholic beverages,3.5,-0.3
W.P. Kuala Lumpur,Kuala Lumpur,2013-09-01,2013,9,September,01,Food and non-alcoholic beverages,2.8,0.5
W.P. Labuan,Labuan,2013-09-01,2013,9,September,01,Food and non-alcoholic beverages,4.1,1.0
W.P. Putrajaya,Putrajaya,2013-09-01,2013,9,September,01,Food and non-alcoholic beverages,6.6,0.5
Johor,Johor,2013-10-01,2013,10,October,01,Food and non-alcoholic beverages,4.0,0.1
Kedah,Kedah,2013-10-01,2013,10,October,01,Food and non-alcoholic beverages,3.7,0.4
Kelantan,Kelantan,2013-10-01,2013,10,October,01,Food and non-alcoholic beverages,4.1,0.0
Melaka,Melaka,2013-10-01,2013,10,October,01,Food and non-alcoholic beverages,3.6,-0.4
Negeri Sembilan,Negeri Sembilan,2013-10-01,2013,10,October,01,Food and non-alcoholic beverages,3.0,-0.2
Pahang,Pahang,2013-10-01,2013,10,October,01,Food and non-alcoholic beverages,4.9,0.3
Perak,Perak,2013-10-01,2013,10,October,01,Food and non-alcoholic beverages,3.0,0.1
Perlis,Perlis,2013-10-01,2013,10,October,01,Food and non-alcoholic beverages,2.6,2.2
Pulau Pinang,Penang,2013-10-01,2013,10,October,01,Food and non-alcoholic beverages,3.6,0.4
Sabah,Sabah,2013-10-01,2013,10,October,01,Food and non-alcoholic beverages,3.1,0.2
Sarawak,Sarawak,2013-10-01,2013,10,October,01,Food and non-alcoholic beverages,3.0,0.2
Selangor,Selangor,2013-10-01,2013,10,October,01,Food and non-alcoholic beverages,4.0,0.1
Terengganu,Terengganu,2013-10-01,2013,10,October,01,Food and non-alcoholic beverages,3.5,0.1
W.P. Kuala Lumpur,Kuala Lumpur,2013-10-01,2013,10,October,01,Food and non-alcoholic beverages,2.5,0.0
W.P. Labuan,Labuan,2013-10-01,2013,10,October,01,Food and non-alcoholic beverages,4.3,0.2
W.P. Putrajaya,Putrajaya,2013-10-01,2013,10,October,01,Food and non-alcoholic beverages,6.3,0.1
Johor,Johor,2013-11-01,2013,11,November,01,Food and non-alcoholic beverages,4.1,0.2
Kedah,Kedah,2013-11-01,2013,11,November,01,Food and non-alcoholic beverages,4.0,0.0
Kelantan,Kelantan,2013-11-01,2013,11,November,01,Food and non-alcoholic beverages,4.5,0.4
Melaka,Melaka,2013-11-01,2013,11,November,01,Food and non-alcoholic beverages,4.3,0.4
Negeri Sembilan,Negeri Sembilan,2013-11-01,2013,11,November,01,Food and non-alcoholic beverages,3.1,0.1
Pahang,Pahang,2013-11-01,2013,11,November,01,Food and non-alcoholic beverages,4.5,0.3
Perak,Perak,2013-11-01,2013,11,November,01,Food and non-alcoholic beverages,3.2,0.2
Perlis,Perlis,2013-11-01,2013,11,November,01,Food and non-alcoholic beverages,2.6,-0.6
Pulau Pinang,Penang,2013-11-01,2013,11,November,01,Food and non-alcoholic beverages,3.9,0.2
Sabah,Sabah,2013-11-01,2013,11,November,01,Food and non-alcoholic beverages,3.6,0.5
Sarawak,Sarawak,2013-11-01,2013,11,November,01,Food and non-alcoholic beverages,3.7,0.8
Selangor,Selangor,2013-11-01,2013,11,November,01,Food and non-alcoholic beverages,4.3,0.1
Terengganu,Terengganu,2013-11-01,2013,11,November,01,Food and non-alcoholic beverages,3.6,0.5
W.P. Kuala Lumpur,Kuala Lumpur,2013-11-01,2013,11,November,01,Food and non-alcoholic beverages,2.5,-0.3
W.P. Labuan,Labuan,2013-11-01,2013,11,November,01,Food and non-alcoholic beverages,4.0,-0.4
W.P. Putrajaya,Putrajaya,2013-11-01,2013,11,November,01,Food and non-alcoholic beverages,6.3,-0.1
Johor,Johor,2013-12-01,2013,12,December,01,Food and non-alcoholic beverages,5.1,1.4
Kedah,Kedah,2013-12-01,2013,12,December,01,Food and non-alcoholic beverages,4.8,1.1
Kelantan,Kelantan,2013-12-01,2013,12,December,01,Food and non-alcoholic beverages,5.5,1.2
Melaka,Melaka,2013-12-01,2013,12,December,01,Food and non-alcoholic beverages,4.8,1.2
Negeri Sembilan,Negeri Sembilan,2013-12-01,2013,12,December,01,Food and non-alcoholic beverages,3.9,1.0
Pahang,Pahang,2013-12-01,2013,12,December,01,Food and non-alcoholic beverages,5.8,1.8
Perak,Perak,2013-12-01,2013,12,December,01,Food and non-alcoholic beverages,4.0,0.9
Perlis,Perlis,2013-12-01,2013,12,December,01,Food and non-alcoholic beverages,3.1,0.9
Pulau Pinang,Penang,2013-12-01,2013,12,December,01,Food and non-alcoholic beverages,4.7,1.0
Sabah,Sabah,2013-12-01,2013,12,December,01,Food and non-alcoholic beverages,3.3,0.0
Sarawak,Sarawak,2013-12-01,2013,12,December,01,Food and non-alcoholic beverages,4.2,0.2
Selangor,Selangor,2013-12-01,2013,12,December,01,Food and non-alcoholic beverages,4.8,0.7
Terengganu,Terengganu,2013-12-01,2013,12,December,01,Food and non-alcoholic beverages,4.4,1.3
W.P. Kuala Lumpur,Kuala Lumpur,2013-12-01,2013,12,December,01,Food and non-alcoholic beverages,2.8,0.6
W.P. Labuan,Labuan,2013-12-01,2013,12,December,01,Food and non-alcoholic beverages,3.0,-0.3
W.P. Putrajaya,Putrajaya,2013-12-01,2013,12,December,01,Food and non-alcoholic beverages,7.4,1.1
Johor,Johor,2014-01-01,2014,1,January,01,Food and non-alcoholic beverages,3.9,0.4
Kedah,Kedah,2014-01-01,2014,1,January,01,Food and non-alcoholic beverages,4.1,0.8
Kelantan,Kelantan,2014-01-01,2014,1,January,01,Food and non-alcoholic beverages,4.8,0.6
Melaka,Melaka,2014-01-01,2014,1,January,01,Food and non-alcoholic beverages,4.0,0.3
Negeri Sembilan,Negeri Sembilan,2014-01-01,2014,1,January,01,Food and non-alcoholic beverages,2.9,0.1
Pahang,Pahang,2014-01-01,2014,1,January,01,Food and non-alcoholic beverages,5.0,0.4
Perak,Perak,2014-01-01,2014,1,January,01,Food and non-alcoholic beverages,3.1,0.2
Perlis,Perlis,2014-01-01,2014,1,January,01,Food and non-alcoholic beverages,3.2,0.4
Pulau Pinang,Penang,2014-01-01,2014,1,January,01,Food and non-alcoholic beverages,3.9,0.9
Sabah,Sabah,2014-01-01,2014,1,January,01,Food and non-alcoholic beverages,3.1,0.6
Sarawak,Sarawak,2014-01-01,2014,1,January,01,Food and non-alcoholic beverages,5.4,1.9
Selangor,Selangor,2014-01-01,2014,1,January,01,Food and non-alcoholic beverages,5.0,1.2
Terengganu,Terengganu,2014-01-01,2014,1,January,01,Food and non-alcoholic beverages,2.9,0.4
W.P. Kuala Lumpur,Kuala Lumpur,2014-01-01,2014,1,January,01,Food and non-alcoholic beverages,2.7,0.6
W.P. Labuan,Labuan,2014-01-01,2014,1,January,01,Food and non-alcoholic beverages,2.6,0.0
W.P. Putrajaya,Putrajaya,2014-01-01,2014,1,January,01,Food and non-alcoholic beverages,7.4,0.5
Johor,Johor,2014-02-01,2014,2,February,01,Food and non-alcoholic beverages,3.4,-0.1
Kedah,Kedah,2014-02-01,2014,2,February,01,Food and non-alcoholic beverages,4.3,0.2
Kelantan,Kelantan,2014-02-01,2014,2,February,01,Food and non-alcoholic beverages,4.2,-0.3
Melaka,Melaka,2014-02-01,2014,2,February,01,Food and non-alcoholic beverages,3.9,0.1
Negeri Sembilan,Negeri Sembilan,2014-02-01,2014,2,February,01,Food and non-alcoholic beverages,2.2,-0.2
Pahang,Pahang,2014-02-01,2014,2,February,01,Food and non-alcoholic beverages,4.9,-0.2
Perak,Perak,2014-02-01,2014,2,February,01,Food and non-alcoholic beverages,2.8,-0.2
Perlis,Perlis,2014-02-01,2014,2,February,01,Food and non-alcoholic beverages,2.9,-0.6
Pulau Pinang,Penang,2014-02-01,2014,2,February,01,Food and non-alcoholic beverages,4.0,0.2
Sabah,Sabah,2014-02-01,2014,2,February,01,Food and non-alcoholic beverages,2.0,0.2
Sarawak,Sarawak,2014-02-01,2014,2,February,01,Food and non-alcoholic beverages,4.8,-0.3
Selangor,Selangor,2014-02-01,2014,2,February,01,Food and non-alcoholic beverages,4.7,0.0
Terengganu,Terengganu,2014-02-01,2014,2,February,01,Food and non-alcoholic beverages,2.7,-0.4
W.P. Kuala Lumpur,Kuala Lumpur,2014-02-01,2014,2,February,01,Food and non-alcoholic beverages,2.5,-0.4
W.P. Labuan,Labuan,2014-02-01,2014,2,February,01,Food and non-alcoholic beverages,3.3,0.3
W.P. Putrajaya,Putrajaya,2014-02-01,2014,2,February,01,Food and non-alcoholic beverages,7.7,0.2
Johor,Johor,2014-03-01,2014,3,March,01,Food and non-alcoholic beverages,4.0,0.2
Kedah,Kedah,2014-03-01,2014,3,March,01,Food and non-alcoholic beverages,4.6,0.2
Kelantan,Kelantan,2014-03-01,2014,3,March,01,Food and non-alcoholic beverages,4.5,0.1
Melaka,Melaka,2014-03-01,2014,3,March,01,Food and non-alcoholic beverages,4.7,0.3
Negeri Sembilan,Negeri Sembilan,2014-03-01,2014,3,March,01,Food and non-alcoholic beverages,2.2,0.1
Pahang,Pahang,2014-03-01,2014,3,March,01,Food and non-alcoholic beverages,4.7,0.1
Perak,Perak,2014-03-01,2014,3,March,01,Food and non-alcoholic beverages,3.0,0.1
Perlis,Perlis,2014-03-01,2014,3,March,01,Food and non-alcoholic beverages,3.3,0.5
Pulau Pinang,Penang,2014-03-01,2014,3,March,01,Food and non-alcoholic beverages,4.3,0.1
Sabah,Sabah,2014-03-01,2014,3,March,01,Food and non-alcoholic beverages,1.4,-0.4
Sarawak,Sarawak,2014-03-01,2014,3,March,01,Food and non-alcoholic beverages,4.2,-0.2
Selangor,Selangor,2014-03-01,2014,3,March,01,Food and non-alcoholic beverages,4.5,0.0
Terengganu,Terengganu,2014-03-01,2014,3,March,01,Food and non-alcoholic beverages,3.0,-0.1
W.P. Kuala Lumpur,Kuala Lumpur,2014-03-01,2014,3,March,01,Food and non-alcoholic beverages,3.0,0.5
W.P. Labuan,Labuan,2014-03-01,2014,3,March,01,Food and non-alcoholic beverages,2.3,-0.1
W.P. Putrajaya,Putrajaya,2014-03-01,2014,3,March,01,Food and non-alcoholic beverages,6.7,0.5
Johor,Johor,2014-04-01,2014,4,April,01,Food and non-alcoholic beverages,4.3,0.0
Kedah,Kedah,2014-04-01,2014,4,April,01,Food and non-alcoholic beverages,4.0,-0.2
Kelantan,Kelantan,2014-04-01,2014,4,April,01,Food and non-alcoholic beverages,4.1,-0.2
Melaka,Melaka,2014-04-01,2014,4,April,01,Food and non-alcoholic beverages,4.0,-0.3
Negeri Sembilan,Negeri Sembilan,2014-04-01,2014,4,April,01,Food and non-alcoholic beverages,2.5,0.3
Pahang,Pahang,2014-04-01,2014,4,April,01,Food and non-alcoholic beverages,4.8,0.1
Perak,Perak,2014-04-01,2014,4,April,01,Food and non-alcoholic beverages,2.5,-0.4
Perlis,Perlis,2014-04-01,2014,4,April,01,Food and non-alcoholic beverages,2.5,-0.6
Pulau Pinang,Penang,2014-04-01,2014,4,April,01,Food and non-alcoholic beverages,4.5,0.3
Sabah,Sabah,2014-04-01,2014,4,April,01,Food and non-alcoholic beverages,1.5,-0.5
Sarawak,Sarawak,2014-04-01,2014,4,April,01,Food and non-alcoholic beverages,4.4,0.1
Selangor,Selangor,2014-04-01,2014,4,April,01,Food and non-alcoholic beverages,3.9,0.0
Terengganu,Terengganu,2014-04-01,2014,4,April,01,Food and non-alcoholic beverages,2.8,-0.2
W.P. Kuala Lumpur,Kuala Lumpur,2014-04-01,2014,4,April,01,Food and non-alcoholic beverages,2.8,0.0
W.P. Labuan,Labuan,2014-04-01,2014,4,April,01,Food and non-alcoholic beverages,1.6,-0.4
W.P. Putrajaya,Putrajaya,2014-04-01,2014,4,April,01,Food and non-alcoholic beverages,4.6,0.6
Johor,Johor,2014-05-01,2014,5,May,01,Food and non-alcoholic beverages,3.4,-0.3
Kedah,Kedah,2014-05-01,2014,5,May,01,Food and non-alcoholic beverages,3.1,-0.4
Kelantan,Kelantan,2014-05-01,2014,5,May,01,Food and non-alcoholic beverages,3.8,0.3
Melaka,Melaka,2014-05-01,2014,5,May,01,Food and non-alcoholic beverages,3.0,-0.3
Negeri Sembilan,Negeri Sembilan,2014-05-01,2014,5,May,01,Food and non-alcoholic beverages,2.2,0.1
Pahang,Pahang,2014-05-01,2014,5,May,01,Food and non-alcoholic beverages,3.7,0.1
Perak,Perak,2014-05-01,2014,5,May,01,Food and non-alcoholic beverages,2.2,0.1
Perlis,Perlis,2014-05-01,2014,5,May,01,Food and non-alcoholic beverages,1.8,-0.6
Pulau Pinang,Penang,2014-05-01,2014,5,May,01,Food and non-alcoholic beverages,3.8,-0.2
Sabah,Sabah,2014-05-01,2014,5,May,01,Food and non-alcoholic beverages,1.7,-0.2
Sarawak,Sarawak,2014-05-01,2014,5,May,01,Food and non-alcoholic beverages,3.7,-0.6
Selangor,Selangor,2014-05-01,2014,5,May,01,Food and non-alcoholic beverages,4.0,0.5
Terengganu,Terengganu,2014-05-01,2014,5,May,01,Food and non-alcoholic beverages,2.2,0.3
W.P. Kuala Lumpur,Kuala Lumpur,2014-05-01,2014,5,May,01,Food and non-alcoholic beverages,2.6,0.2
W.P. Labuan,Labuan,2014-05-01,2014,5,May,01,Food and non-alcoholic beverages,1.2,-0.4
W.P. Putrajaya,Putrajaya,2014-05-01,2014,5,May,01,Food and non-alcoholic beverages,4.8,0.2
Johor,Johor,2014-06-01,2014,6,June,01,Food and non-alcoholic beverages,3.7,0.7
Kedah,Kedah,2014-06-01,2014,6,June,01,Food and non-alcoholic beverages,3.6,0.6
Kelantan,Kelantan,2014-06-01,2014,6,June,01,Food and non-alcoholic beverages,3.1,0.6
Melaka,Melaka,2014-06-01,2014,6,June,01,Food and non-alcoholic beverages,3.6,0.9
Negeri Sembilan,Negeri Sembilan,2014-06-01,2014,6,June,01,Food and non-alcoholic beverages,2.5,0.4
Pahang,Pahang,2014-06-01,2014,6,June,01,Food and non-alcoholic beverages,4.4,0.4
Perak,Perak,2014-06-01,2014,6,June,01,Food and non-alcoholic beverages,2.5,0.6
Perlis,Perlis,2014-06-01,2014,6,June,01,Food and non-alcoholic beverages,2.6,0.7
Pulau Pinang,Penang,2014-06-01,2014,6,June,01,Food and non-alcoholic beverages,3.8,0.3
Sabah,Sabah,2014-06-01,2014,6,June,01,Food and non-alcoholic beverages,1.9,0.4
Sarawak,Sarawak,2014-06-01,2014,6,June,01,Food and non-alcoholic beverages,3.8,0.3
Selangor,Selangor,2014-06-01,2014,6,June,01,Food and non-alcoholic beverages,4.4,0.6
Terengganu,Terengganu,2014-06-01,2014,6,June,01,Food and non-alcoholic beverages,2.3,0.8
W.P. Kuala Lumpur,Kuala Lumpur,2014-06-01,2014,6,June,01,Food and non-alcoholic beverages,3.0,1.0
W.P. Labuan,Labuan,2014-06-01,2014,6,June,01,Food and non-alcoholic beverages,0.9,0.2
W.P. Putrajaya,Putrajaya,2014-06-01,2014,6,June,01,Food and non-alcoholic beverages,5.1,0.9
Johor,Johor,2014-07-01,2014,7,July,01,Food and non-alcoholic beverages,3.6,0.5
Kedah,Kedah,2014-07-01,2014,7,July,01,Food and non-alcoholic beverages,3.2,0.4
Kelantan,Kelantan,2014-07-01,2014,7,July,01,Food and non-alcoholic beverages,3.4,1.3
Melaka,Melaka,2014-07-01,2014,7,July,01,Food and non-alcoholic beverages,2.8,0.3
Negeri Sembilan,Negeri Sembilan,2014-07-01,2014,7,July,01,Food and non-alcoholic beverages,2.1,0.2
Pahang,Pahang,2014-07-01,2014,7,July,01,Food and non-alcoholic beverages,3.4,-0.3
Perak,Perak,2014-07-01,2014,7,July,01,Food and non-alcoholic beverages,2.1,0.4
Perlis,Perlis,2014-07-01,2014,7,July,01,Food and non-alcoholic beverages,2.1,0.2
Pulau Pinang,Penang,2014-07-01,2014,7,July,01,Food and non-alcoholic beverages,3.9,0.4
Sabah,Sabah,2014-07-01,2014,7,July,01,Food and non-alcoholic beverages,1.4,0.0
Sarawak,Sarawak,2014-07-01,2014,7,July,01,Food and non-alcoholic beverages,3.2,0.0
Selangor,Selangor,2014-07-01,2014,7,July,01,Food and non-alcoholic beverages,3.7,0.2
Terengganu,Terengganu,2014-07-01,2014,7,July,01,Food and non-alcoholic beverages,2.8,0.7
W.P. Kuala Lumpur,Kuala Lumpur,2014-07-01,2014,7,July,01,Food and non-alcoholic beverages,3.1,0.7
W.P. Labuan,Labuan,2014-07-01,2014,7,July,01,Food and non-alcoholic beverages,-0.4,0.0
W.P. Putrajaya,Putrajaya,2014-07-01,2014,7,July,01,Food and non-alcoholic beverages,4.7,-0.1
Johor,Johor,2014-08-01,2014,8,August,01,Food and non-alcoholic beverages,3.5,0.2
Kedah,Kedah,2014-08-01,2014,8,August,01,Food and non-alcoholic beverages,3.2,-0.2
Kelantan,Kelantan,2014-08-01,2014,8,August,01,Food and non-alcoholic beverages,3.5,-0.2
Melaka,Melaka,2014-08-01,2014,8,August,01,Food and non-alcoholic beverages,3.3,0.2
Negeri Sembilan,Negeri Sembilan,2014-08-01,2014,8,August,01,Food and non-alcoholic beverages,2.7,0.4
Pahang,Pahang,2014-08-01,2014,8,August,01,Food and non-alcoholic beverages,4.1,0.3
Perak,Perak,2014-08-01,2014,8,August,01,Food and non-alcoholic beverages,2.2,-0.3
Perlis,Perlis,2014-08-01,2014,8,August,01,Food and non-alcoholic beverages,1.9,0.0
Pulau Pinang,Penang,2014-08-01,2014,8,August,01,Food and non-alcoholic beverages,4.4,0.2
Sabah,Sabah,2014-08-01,2014,8,August,01,Food and non-alcoholic beverages,1.5,0.1
Sarawak,Sarawak,2014-08-01,2014,8,August,01,Food and non-alcoholic beverages,3.1,0.4
Selangor,Selangor,2014-08-01,2014,8,August,01,Food and non-alcoholic beverages,3.8,0.0
Terengganu,Terengganu,2014-08-01,2014,8,August,01,Food and non-alcoholic beverages,3.1,-0.2
W.P. Kuala Lumpur,Kuala Lumpur,2014-08-01,2014,8,August,01,Food and non-alcoholic beverages,3.5,0.0
W.P. Labuan,Labuan,2014-08-01,2014,8,August,01,Food and non-alcoholic beverages,0.1,0.1
W.P. Putrajaya,Putrajaya,2014-08-01,2014,8,August,01,Food and non-alcoholic beverages,4.5,-0.1
Johor,Johor,2014-09-01,2014,9,September,01,Food and non-alcoholic beverages,3.5,0.2
Kedah,Kedah,2014-09-01,2014,9,September,01,Food and non-alcoholic beverages,3.3,0.4
Kelantan,Kelantan,2014-09-01,2014,9,September,01,Food and non-alcoholic beverages,3.7,-0.2
Melaka,Melaka,2014-09-01,2014,9,September,01,Food and non-alcoholic beverages,3.3,0.4
Negeri Sembilan,Negeri Sembilan,2014-09-01,2014,9,September,01,Food and non-alcoholic beverages,2.7,0.3
Pahang,Pahang,2014-09-01,2014,9,September,01,Food and non-alcoholic beverages,3.5,0.2
Perak,Perak,2014-09-01,2014,9,September,01,Food and non-alcoholic beverages,2.2,0.4
Perlis,Perlis,2014-09-01,2014,9,September,01,Food and non-alcoholic beverages,2.5,0.1
Pulau Pinang,Penang,2014-09-01,2014,9,September,01,Food and non-alcoholic beverages,4.1,0.3
Sabah,Sabah,2014-09-01,2014,9,September,01,Food and non-alcoholic beverages,1.1,0.2
Sarawak,Sarawak,2014-09-01,2014,9,September,01,Food and non-alcoholic beverages,3.1,0.4
Selangor,Selangor,2014-09-01,2014,9,September,01,Food and non-alcoholic beverages,3.8,0.3
Terengganu,Terengganu,2014-09-01,2014,9,September,01,Food and non-alcoholic beverages,3.0,-0.4
W.P. Kuala Lumpur,Kuala Lumpur,2014-09-01,2014,9,September,01,Food and non-alcoholic beverages,3.0,0.0
W.P. Labuan,Labuan,2014-09-01,2014,9,September,01,Food and non-alcoholic beverages,-0.6,0.3
W.P. Putrajaya,Putrajaya,2014-09-01,2014,9,September,01,Food and non-alcoholic beverages,4.3,0.3
Johor,Johor,2014-10-01,2014,10,October,01,Food and non-alcoholic beverages,3.0,-0.4
Kedah,Kedah,2014-10-01,2014,10,October,01,Food and non-alcoholic beverages,2.7,-0.3
Kelantan,Kelantan,2014-10-01,2014,10,October,01,Food and non-alcoholic beverages,3.5,-0.2
Melaka,Melaka,2014-10-01,2014,10,October,01,Food and non-alcoholic beverages,2.9,-0.7
Negeri Sembilan,Negeri Sembilan,2014-10-01,2014,10,October,01,Food and non-alcoholic beverages,2.9,0.0
Pahang,Pahang,2014-10-01,2014,10,October,01,Food and non-alcoholic beverages,3.1,-0.2
Perak,Perak,2014-10-01,2014,10,October,01,Food and non-alcoholic beverages,1.9,-0.2
Perlis,Perlis,2014-10-01,2014,10,October,01,Food and non-alcoholic beverages,-0.2,-0.5
Pulau Pinang,Penang,2014-10-01,2014,10,October,01,Food and non-alcoholic beverages,3.5,-0.2
Sabah,Sabah,2014-10-01,2014,10,October,01,Food and non-alcoholic beverages,1.1,0.2
Sarawak,Sarawak,2014-10-01,2014,10,October,01,Food and non-alcoholic beverages,2.5,-0.4
Selangor,Selangor,2014-10-01,2014,10,October,01,Food and non-alcoholic beverages,3.6,-0.1
Terengganu,Terengganu,2014-10-01,2014,10,October,01,Food and non-alcoholic beverages,2.7,-0.2
W.P. Kuala Lumpur,Kuala Lumpur,2014-10-01,2014,10,October,01,Food and non-alcoholic beverages,2.9,-0.1
W.P. Labuan,Labuan,2014-10-01,2014,10,October,01,Food and non-alcoholic beverages,-0.3,0.5
W.P. Putrajaya,Putrajaya,2014-10-01,2014,10,October,01,Food and non-alcoholic beverages,3.8,-0.4
Johor,Johor,2014-11-01,2014,11,November,01,Food and non-alcoholic beverages,3.2,0.4
Kedah,Kedah,2014-11-01,2014,11,November,01,Food and non-alcoholic beverages,2.8,0.1
Kelantan,Kelantan,2014-11-01,2014,11,November,01,Food and non-alcoholic beverages,3.0,-0.2
Melaka,Melaka,2014-11-01,2014,11,November,01,Food and non-alcoholic beverages,2.6,0.2
Negeri Sembilan,Negeri Sembilan,2014-11-01,2014,11,November,01,Food and non-alcoholic beverages,3.0,0.2
Pahang,Pahang,2014-11-01,2014,11,November,01,Food and non-alcoholic beverages,2.8,0.0
Perak,Perak,2014-11-01,2014,11,November,01,Food and non-alcoholic beverages,1.9,0.2
Perlis,Perlis,2014-11-01,2014,11,November,01,Food and non-alcoholic beverages,1.0,0.6
Pulau Pinang,Penang,2014-11-01,2014,11,November,01,Food and non-alcoholic beverages,3.9,0.5
Sabah,Sabah,2014-11-01,2014,11,November,01,Food and non-alcoholic beverages,0.7,0.2
Sarawak,Sarawak,2014-11-01,2014,11,November,01,Food and non-alcoholic beverages,2.0,0.3
Selangor,Selangor,2014-11-01,2014,11,November,01,Food and non-alcoholic beverages,3.7,0.2
Terengganu,Terengganu,2014-11-01,2014,11,November,01,Food and non-alcoholic beverages,2.2,0.0
W.P. Kuala Lumpur,Kuala Lumpur,2014-11-01,2014,11,November,01,Food and non-alcoholic beverages,3.5,0.3
W.P. Labuan,Labuan,2014-11-01,2014,11,November,01,Food and non-alcoholic beverages,0.6,0.4
W.P. Putrajaya,Putrajaya,2014-11-01,2014,11,November,01,Food and non-alcoholic beverages,4.0,0.1
Johor,Johor,2014-12-01,2014,12,December,01,Food and non-alcoholic beverages,2.2,0.4
Kedah,Kedah,2014-12-01,2014,12,December,01,Food and non-alcoholic beverages,2.2,0.5
Kelantan,Kelantan,2014-12-01,2014,12,December,01,Food and non-alcoholic beverages,2.9,1.1
Melaka,Melaka,2014-12-01,2014,12,December,01,Food and non-alcoholic beverages,2.0,0.6
Negeri Sembilan,Negeri Sembilan,2014-12-01,2014,12,December,01,Food and non-alcoholic beverages,2.7,0.7
Pahang,Pahang,2014-12-01,2014,12,December,01,Food and non-alcoholic beverages,1.5,0.6
Perak,Perak,2014-12-01,2014,12,December,01,Food and non-alcoholic beverages,1.3,0.3
Perlis,Perlis,2014-12-01,2014,12,December,01,Food and non-alcoholic beverages,0.6,0.6
Pulau Pinang,Penang,2014-12-01,2014,12,December,01,Food and non-alcoholic beverages,3.1,0.2
Sabah,Sabah,2014-12-01,2014,12,December,01,Food and non-alcoholic beverages,1.1,0.4
Sarawak,Sarawak,2014-12-01,2014,12,December,01,Food and non-alcoholic beverages,2.1,0.3
Selangor,Selangor,2014-12-01,2014,12,December,01,Food and non-alcoholic beverages,3.1,0.2
Terengganu,Terengganu,2014-12-01,2014,12,December,01,Food and non-alcoholic beverages,1.5,0.6
W.P. Kuala Lumpur,Kuala Lumpur,2014-12-01,2014,12,December,01,Food and non-alcoholic beverages,3.0,0.2
W.P. Labuan,Labuan,2014-12-01,2014,12,December,01,Food and non-alcoholic beverages,1.1,0.2
W.P. Putrajaya,Putrajaya,2014-12-01,2014,12,December,01,Food and non-alcoholic beverages,3.0,0.2
Johor,Johor,2015-01-01,2015,1,January,01,Food and non-alcoholic beverages,3.6,1.8
Kedah,Kedah,2015-01-01,2015,1,January,01,Food and non-alcoholic beverages,2.3,0.9
Kelantan,Kelantan,2015-01-01,2015,1,January,01,Food and non-alcoholic beverages,3.0,0.8
Melaka,Melaka,2015-01-01,2015,1,January,01,Food and non-alcoholic beverages,3.4,1.6
Negeri Sembilan,Negeri Sembilan,2015-01-01,2015,1,January,01,Food and non-alcoholic beverages,3.9,1.3
Pahang,Pahang,2015-01-01,2015,1,January,01,Food and non-alcoholic beverages,2.9,1.8
Perak,Perak,2015-01-01,2015,1,January,01,Food and non-alcoholic beverages,2.4,1.3
Perlis,Perlis,2015-01-01,2015,1,January,01,Food and non-alcoholic beverages,0.4,0.1
Pulau Pinang,Penang,2015-01-01,2015,1,January,01,Food and non-alcoholic beverages,3.4,1.2
Sabah,Sabah,2015-01-01,2015,1,January,01,Food and non-alcoholic beverages,0.5,0.1
Sarawak,Sarawak,2015-01-01,2015,1,January,01,Food and non-alcoholic beverages,1.1,0.9
Selangor,Selangor,2015-01-01,2015,1,January,01,Food and non-alcoholic beverages,3.5,1.5
Terengganu,Terengganu,2015-01-01,2015,1,January,01,Food and non-alcoholic beverages,2.2,1.1
W.P. Kuala Lumpur,Kuala Lumpur,2015-01-01,2015,1,January,01,Food and non-alcoholic beverages,3.7,1.3
W.P. Labuan,Labuan,2015-01-01,2015,1,January,01,Food and non-alcoholic beverages,1.2,0.1
W.P. Putrajaya,Putrajaya,2015-01-01,2015,1,January,01,Food and non-alcoholic beverages,3.4,0.9
Johor,Johor,2015-02-01,2015,2,February,01,Food and non-alcoholic beverages,3.2,-0.5
Kedah,Kedah,2015-02-01,2015,2,February,01,Food and non-alcoholic beverages,1.7,-0.4
Kelantan,Kelantan,2015-02-01,2015,2,February,01,Food and non-alcoholic beverages,3.1,-0.3
Melaka,Melaka,2015-02-01,2015,2,February,01,Food and non-alcoholic beverages,3.0,-0.3
Negeri Sembilan,Negeri Sembilan,2015-02-01,2015,2,February,01,Food and non-alcoholic beverages,3.5,-0.6
Pahang,Pahang,2015-02-01,2015,2,February,01,Food and non-alcoholic beverages,2.1,-0.9
Perak,Perak,2015-02-01,2015,2,February,01,Food and non-alcoholic beverages,2.2,-0.4
Perlis,Perlis,2015-02-01,2015,2,February,01,Food and non-alcoholic beverages,1.2,0.2
Pulau Pinang,Penang,2015-02-01,2015,2,February,01,Food and non-alcoholic beverages,2.8,-0.4
Sabah,Sabah,2015-02-01,2015,2,February,01,Food and non-alcoholic beverages,0.9,0.5
Sarawak,Sarawak,2015-02-01,2015,2,February,01,Food and non-alcoholic beverages,2.4,1.0
Selangor,Selangor,2015-02-01,2015,2,February,01,Food and non-alcoholic beverages,3.2,-0.3
Terengganu,Terengganu,2015-02-01,2015,2,February,01,Food and non-alcoholic beverages,2.2,-0.3
W.P. Kuala Lumpur,Kuala Lumpur,2015-02-01,2015,2,February,01,Food and non-alcoholic beverages,3.8,-0.3
W.P. Labuan,Labuan,2015-02-01,2015,2,February,01,Food and non-alcoholic beverages,1.5,0.6
W.P. Putrajaya,Putrajaya,2015-02-01,2015,2,February,01,Food and non-alcoholic beverages,3.3,0.1
Johor,Johor,2015-03-01,2015,3,March,01,Food and non-alcoholic beverages,2.8,-0.3
Kedah,Kedah,2015-03-01,2015,3,March,01,Food and non-alcoholic beverages,1.4,-0.1
Kelantan,Kelantan,2015-03-01,2015,3,March,01,Food and non-alcoholic beverages,2.2,-0.8
Melaka,Melaka,2015-03-01,2015,3,March,01,Food and non-alcoholic beverages,2.1,-0.6
Negeri Sembilan,Negeri Sembilan,2015-03-01,2015,3,March,01,Food and non-alcoholic beverages,3.4,0.0
Pahang,Pahang,2015-03-01,2015,3,March,01,Food and non-alcoholic beverages,1.9,-0.2
Perak,Perak,2015-03-01,2015,3,March,01,Food and non-alcoholic beverages,2.0,-0.1
Perlis,Perlis,2015-03-01,2015,3,March,01,Food and non-alcoholic beverages,0.6,-0.2
Pulau Pinang,Penang,2015-03-01,2015,3,March,01,Food and non-alcoholic beverages,2.3,-0.3
Sabah,Sabah,2015-03-01,2015,3,March,01,Food and non-alcoholic beverages,1.1,-0.2
Sarawak,Sarawak,2015-03-01,2015,3,March,01,Food and non-alcoholic beverages,2.0,-0.5
Selangor,Selangor,2015-03-01,2015,3,March,01,Food and non-alcoholic beverages,2.8,-0.3
Terengganu,Terengganu,2015-03-01,2015,3,March,01,Food and non-alcoholic beverages,1.5,-0.8
W.P. Kuala Lumpur,Kuala Lumpur,2015-03-01,2015,3,March,01,Food and non-alcoholic beverages,3.1,-0.3
W.P. Labuan,Labuan,2015-03-01,2015,3,March,01,Food and non-alcoholic beverages,1.7,0.1
W.P. Putrajaya,Putrajaya,2015-03-01,2015,3,March,01,Food and non-alcoholic beverages,2.8,0.0
Johor,Johor,2015-04-01,2015,4,April,01,Food and non-alcoholic beverages,3.8,1.0
Kedah,Kedah,2015-04-01,2015,4,April,01,Food and non-alcoholic beverages,1.6,0.0
Kelantan,Kelantan,2015-04-01,2015,4,April,01,Food and non-alcoholic beverages,3.0,0.7
Melaka,Melaka,2015-04-01,2015,4,April,01,Food and non-alcoholic beverages,2.7,0.3
Negeri Sembilan,Negeri Sembilan,2015-04-01,2015,4,April,01,Food and non-alcoholic beverages,3.6,0.5
Pahang,Pahang,2015-04-01,2015,4,April,01,Food and non-alcoholic beverages,2.5,0.7
Perak,Perak,2015-04-01,2015,4,April,01,Food and non-alcoholic beverages,3.0,0.6
Perlis,Perlis,2015-04-01,2015,4,April,01,Food and non-alcoholic beverages,2.1,1.0
Pulau Pinang,Penang,2015-04-01,2015,4,April,01,Food and non-alcoholic beverages,3.4,1.3
Sabah,Sabah,2015-04-01,2015,4,April,01,Food and non-alcoholic beverages,2.4,0.8
Sarawak,Sarawak,2015-04-01,2015,4,April,01,Food and non-alcoholic beverages,2.7,0.8
Selangor,Selangor,2015-04-01,2015,4,April,01,Food and non-alcoholic beverages,4.1,1.3
Terengganu,Terengganu,2015-04-01,2015,4,April,01,Food and non-alcoholic beverages,2.3,0.6
W.P. Kuala Lumpur,Kuala Lumpur,2015-04-01,2015,4,April,01,Food and non-alcoholic beverages,4.2,1.1
W.P. Labuan,Labuan,2015-04-01,2015,4,April,01,Food and non-alcoholic beverages,2.0,-0.1
W.P. Putrajaya,Putrajaya,2015-04-01,2015,4,April,01,Food and non-alcoholic beverages,2.6,0.4
Johor,Johor,2015-05-01,2015,5,May,01,Food and non-alcoholic beverages,4.7,0.7
Kedah,Kedah,2015-05-01,2015,5,May,01,Food and non-alcoholic beverages,2.6,0.6
Kelantan,Kelantan,2015-05-01,2015,5,May,01,Food and non-alcoholic beverages,3.5,0.8
Melaka,Melaka,2015-05-01,2015,5,May,01,Food and non-alcoholic beverages,3.6,0.6
Negeri Sembilan,Negeri Sembilan,2015-05-01,2015,5,May,01,Food and non-alcoholic beverages,4.2,0.7
Pahang,Pahang,2015-05-01,2015,5,May,01,Food and non-alcoholic beverages,3.0,0.6
Perak,Perak,2015-05-01,2015,5,May,01,Food and non-alcoholic beverages,3.4,0.5
Perlis,Perlis,2015-05-01,2015,5,May,01,Food and non-alcoholic beverages,2.6,-0.2
Pulau Pinang,Penang,2015-05-01,2015,5,May,01,Food and non-alcoholic beverages,3.6,0.1
Sabah,Sabah,2015-05-01,2015,5,May,01,Food and non-alcoholic beverages,2.5,-0.1
Sarawak,Sarawak,2015-05-01,2015,5,May,01,Food and non-alcoholic beverages,3.4,0.1
Selangor,Selangor,2015-05-01,2015,5,May,01,Food and non-alcoholic beverages,3.5,-0.1
Terengganu,Terengganu,2015-05-01,2015,5,May,01,Food and non-alcoholic beverages,2.6,0.5
W.P. Kuala Lumpur,Kuala Lumpur,2015-05-01,2015,5,May,01,Food and non-alcoholic beverages,4.4,0.3
W.P. Labuan,Labuan,2015-05-01,2015,5,May,01,Food and non-alcoholic beverages,1.8,-0.6
W.P. Putrajaya,Putrajaya,2015-05-01,2015,5,May,01,Food and non-alcoholic beverages,3.3,0.8
Johor,Johor,2015-06-01,2015,6,June,01,Food and non-alcoholic beverages,4.8,0.7
Kedah,Kedah,2015-06-01,2015,6,June,01,Food and non-alcoholic beverages,2.0,0.0
Kelantan,Kelantan,2015-06-01,2015,6,June,01,Food and non-alcoholic beverages,3.2,0.3
Melaka,Melaka,2015-06-01,2015,6,June,01,Food and non-alcoholic beverages,3.4,0.8
Negeri Sembilan,Negeri Sembilan,2015-06-01,2015,6,June,01,Food and non-alcoholic beverages,4.2,0.4
Pahang,Pahang,2015-06-01,2015,6,June,01,Food and non-alcoholic beverages,2.9,0.3
Perak,Perak,2015-06-01,2015,6,June,01,Food and non-alcoholic beverages,2.9,0.2
Perlis,Perlis,2015-06-01,2015,6,June,01,Food and non-alcoholic beverages,2.6,0.6
Pulau Pinang,Penang,2015-06-01,2015,6,June,01,Food and non-alcoholic beverages,3.8,0.5
Sabah,Sabah,2015-06-01,2015,6,June,01,Food and non-alcoholic beverages,2.2,0.1
Sarawak,Sarawak,2015-06-01,2015,6,June,01,Food and non-alcoholic beverages,3.4,0.2
Selangor,Selangor,2015-06-01,2015,6,June,01,Food and non-alcoholic beverages,3.6,0.7
Terengganu,Terengganu,2015-06-01,2015,6,June,01,Food and non-alcoholic beverages,1.9,0.2
W.P. Kuala Lumpur,Kuala Lumpur,2015-06-01,2015,6,June,01,Food and non-alcoholic beverages,3.8,0.3
W.P. Labuan,Labuan,2015-06-01,2015,6,June,01,Food and non-alcoholic beverages,2.0,0.4
W.P. Putrajaya,Putrajaya,2015-06-01,2015,6,June,01,Food and non-alcoholic beverages,2.4,0.1
Johor,Johor,2015-07-01,2015,7,July,01,Food and non-alcoholic beverages,4.8,0.5
Kedah,Kedah,2015-07-01,2015,7,July,01,Food and non-alcoholic beverages,2.6,1.0
Kelantan,Kelantan,2015-07-01,2015,7,July,01,Food and non-alcoholic beverages,3.6,1.7
Melaka,Melaka,2015-07-01,2015,7,July,01,Food and non-alcoholic beverages,3.5,0.4
Negeri Sembilan,Negeri Sembilan,2015-07-01,2015,7,July,01,Food and non-alcoholic beverages,4.8,0.8
Pahang,Pahang,2015-07-01,2015,7,July,01,Food and non-alcoholic beverages,3.5,0.3
Perak,Perak,2015-07-01,2015,7,July,01,Food and non-alcoholic beverages,3.1,0.5
Perlis,Perlis,2015-07-01,2015,7,July,01,Food and non-alcoholic beverages,3.3,0.9
Pulau Pinang,Penang,2015-07-01,2015,7,July,01,Food and non-alcoholic beverages,4.1,0.7
Sabah,Sabah,2015-07-01,2015,7,July,01,Food and non-alcoholic beverages,2.6,0.3
Sarawak,Sarawak,2015-07-01,2015,7,July,01,Food and non-alcoholic beverages,4.1,0.7
Selangor,Selangor,2015-07-01,2015,7,July,01,Food and non-alcoholic beverages,4.3,0.8
Terengganu,Terengganu,2015-07-01,2015,7,July,01,Food and non-alcoholic beverages,2.8,1.6
W.P. Kuala Lumpur,Kuala Lumpur,2015-07-01,2015,7,July,01,Food and non-alcoholic beverages,3.9,0.9
W.P. Labuan,Labuan,2015-07-01,2015,7,July,01,Food and non-alcoholic beverages,2.7,0.6
W.P. Putrajaya,Putrajaya,2015-07-01,2015,7,July,01,Food and non-alcoholic beverages,5.1,2.6
Johor,Johor,2015-08-01,2015,8,August,01,Food and non-alcoholic beverages,5.4,0.8
Kedah,Kedah,2015-08-01,2015,8,August,01,Food and non-alcoholic beverages,3.0,0.3
Kelantan,Kelantan,2015-08-01,2015,8,August,01,Food and non-alcoholic beverages,3.1,-0.6
Melaka,Melaka,2015-08-01,2015,8,August,01,Food and non-alcoholic beverages,3.8,0.5
Negeri Sembilan,Negeri Sembilan,2015-08-01,2015,8,August,01,Food and non-alcoholic beverages,5.1,0.7
Pahang,Pahang,2015-08-01,2015,8,August,01,Food and non-alcoholic beverages,4.1,0.8
Perak,Perak,2015-08-01,2015,8,August,01,Food and non-alcoholic beverages,3.8,0.4
Perlis,Perlis,2015-08-01,2015,8,August,01,Food and non-alcoholic beverages,3.2,-0.1
Pulau Pinang,Penang,2015-08-01,2015,8,August,01,Food and non-alcoholic beverages,4.8,0.8
Sabah,Sabah,2015-08-01,2015,8,August,01,Food and non-alcoholic beverages,2.8,0.3
Sarawak,Sarawak,2015-08-01,2015,8,August,01,Food and non-alcoholic beverages,4.3,0.6
Selangor,Selangor,2015-08-01,2015,8,August,01,Food and non-alcoholic beverages,4.9,0.6
Terengganu,Terengganu,2015-08-01,2015,8,August,01,Food and non-alcoholic beverages,2.5,-0.5
W.P. Kuala Lumpur,Kuala Lumpur,2015-08-01,2015,8,August,01,Food and non-alcoholic beverages,4.7,0.8
W.P. Labuan,Labuan,2015-08-01,2015,8,August,01,Food and non-alcoholic beverages,3.3,0.7
W.P. Putrajaya,Putrajaya,2015-08-01,2015,8,August,01,Food and non-alcoholic beverages,5.6,0.4
Johor,Johor,2015-09-01,2015,9,September,01,Food and non-alcoholic beverages,5.7,0.4
Kedah,Kedah,2015-09-01,2015,9,September,01,Food and non-alcoholic beverages,3.4,0.8
Kelantan,Kelantan,2015-09-01,2015,9,September,01,Food and non-alcoholic beverages,3.2,-0.1
Melaka,Melaka,2015-09-01,2015,9,September,01,Food and non-alcoholic beverages,4.2,0.7
Negeri Sembilan,Negeri Sembilan,2015-09-01,2015,9,September,01,Food and non-alcoholic beverages,5.4,0.7
Pahang,Pahang,2015-09-01,2015,9,September,01,Food and non-alcoholic beverages,4.2,0.3
Perak,Perak,2015-09-01,2015,9,September,01,Food and non-alcoholic beverages,3.9,0.5
Perlis,Perlis,2015-09-01,2015,9,September,01,Food and non-alcoholic beverages,3.6,0.4
Pulau Pinang,Penang,2015-09-01,2015,9,September,01,Food and non-alcoholic beverages,5.1,0.6
Sabah,Sabah,2015-09-01,2015,9,September,01,Food and non-alcoholic beverages,2.0,-0.5
Sarawak,Sarawak,2015-09-01,2015,9,September,01,Food and non-alcoholic beverages,4.0,0.1
Selangor,Selangor,2015-09-01,2015,9,September,01,Food and non-alcoholic beverages,4.8,0.2
Terengganu,Terengganu,2015-09-01,2015,9,September,01,Food and non-alcoholic beverages,3.2,0.3
W.P. Kuala Lumpur,Kuala Lumpur,2015-09-01,2015,9,September,01,Food and non-alcoholic beverages,4.8,0.1
W.P. Labuan,Labuan,2015-09-01,2015,9,September,01,Food and non-alcoholic beverages,3.0,0.0
W.P. Putrajaya,Putrajaya,2015-09-01,2015,9,September,01,Food and non-alcoholic beverages,5.8,0.6
Johor,Johor,2015-10-01,2015,10,October,01,Food and non-alcoholic beverages,6.0,-0.2
Kedah,Kedah,2015-10-01,2015,10,October,01,Food and non-alcoholic beverages,3.7,0.1
Kelantan,Kelantan,2015-10-01,2015,10,October,01,Food and non-alcoholic beverages,3.2,-0.2
Melaka,Melaka,2015-10-01,2015,10,October,01,Food and non-alcoholic beverages,4.4,-0.5
Negeri Sembilan,Negeri Sembilan,2015-10-01,2015,10,October,01,Food and non-alcoholic beverages,5.3,-0.1
Pahang,Pahang,2015-10-01,2015,10,October,01,Food and non-alcoholic beverages,4.8,0.3
Perak,Perak,2015-10-01,2015,10,October,01,Food and non-alcoholic beverages,4.2,0.1
Perlis,Perlis,2015-10-01,2015,10,October,01,Food and non-alcoholic beverages,3.9,-0.2
Pulau Pinang,Penang,2015-10-01,2015,10,October,01,Food and non-alcoholic beverages,5.7,0.4
Sabah,Sabah,2015-10-01,2015,10,October,01,Food and non-alcoholic beverages,2.5,0.6
Sarawak,Sarawak,2015-10-01,2015,10,October,01,Food and non-alcoholic beverages,4.6,0.2
Selangor,Selangor,2015-10-01,2015,10,October,01,Food and non-alcoholic beverages,4.9,0.1
Terengganu,Terengganu,2015-10-01,2015,10,October,01,Food and non-alcoholic beverages,3.0,-0.3
W.P. Kuala Lumpur,Kuala Lumpur,2015-10-01,2015,10,October,01,Food and non-alcoholic beverages,5.2,0.3
W.P. Labuan,Labuan,2015-10-01,2015,10,October,01,Food and non-alcoholic beverages,2.6,0.2
W.P. Putrajaya,Putrajaya,2015-10-01,2015,10,October,01,Food and non-alcoholic beverages,6.1,-0.2
Johor,Johor,2015-11-01,2015,11,November,01,Food and non-alcoholic beverages,5.2,-0.3
Kedah,Kedah,2015-11-01,2015,11,November,01,Food and non-alcoholic beverages,3.4,-0.3
Kelantan,Kelantan,2015-11-01,2015,11,November,01,Food and non-alcoholic beverages,3.3,-0.1
Melaka,Melaka,2015-11-01,2015,11,November,01,Food and non-alcoholic beverages,4.2,0.0
Negeri Sembilan,Negeri Sembilan,2015-11-01,2015,11,November,01,Food and non-alcoholic beverages,5.1,0.0
Pahang,Pahang,2015-11-01,2015,11,November,01,Food and non-alcoholic beverages,4.3,-0.5
Perak,Perak,2015-11-01,2015,11,November,01,Food and non-alcoholic beverages,3.7,-0.3
Perlis,Perlis,2015-11-01,2015,11,November,01,Food and non-alcoholic beverages,3.6,0.4
Pulau Pinang,Penang,2015-11-01,2015,11,November,01,Food and non-alcoholic beverages,5.0,-0.2
Sabah,Sabah,2015-11-01,2015,11,November,01,Food and non-alcoholic beverages,1.9,-0.4
Sarawak,Sarawak,2015-11-01,2015,11,November,01,Food and non-alcoholic beverages,4.5,0.2
Selangor,Selangor,2015-11-01,2015,11,November,01,Food and non-alcoholic beverages,4.3,-0.4
Terengganu,Terengganu,2015-11-01,2015,11,November,01,Food and non-alcoholic beverages,2.6,-0.3
W.P. Kuala Lumpur,Kuala Lumpur,2015-11-01,2015,11,November,01,Food and non-alcoholic beverages,4.7,-0.3
W.P. Labuan,Labuan,2015-11-01,2015,11,November,01,Food and non-alcoholic beverages,2.1,-0.1
W.P. Putrajaya,Putrajaya,2015-11-01,2015,11,November,01,Food and non-alcoholic beverages,6.1,0.1
Johor,Johor,2015-12-01,2015,12,December,01,Food and non-alcoholic beverages,5.8,1.1
Kedah,Kedah,2015-12-01,2015,12,December,01,Food and non-alcoholic beverages,3.4,0.5
Kelantan,Kelantan,2015-12-01,2015,12,December,01,Food and non-alcoholic beverages,2.7,0.5
Melaka,Melaka,2015-12-01,2015,12,December,01,Food and non-alcoholic beverages,4.6,1.0
Negeri Sembilan,Negeri Sembilan,2015-12-01,2015,12,December,01,Food and non-alcoholic beverages,5.4,0.9
Pahang,Pahang,2015-12-01,2015,12,December,01,Food and non-alcoholic beverages,5.1,1.4
Perak,Perak,2015-12-01,2015,12,December,01,Food and non-alcoholic beverages,4.1,0.6
Perlis,Perlis,2015-12-01,2015,12,December,01,Food and non-alcoholic beverages,3.3,0.3
Pulau Pinang,Penang,2015-12-01,2015,12,December,01,Food and non-alcoholic beverages,5.2,0.4
Sabah,Sabah,2015-12-01,2015,12,December,01,Food and non-alcoholic beverages,1.9,0.3
Sarawak,Sarawak,2015-12-01,2015,12,December,01,Food and non-alcoholic beverages,4.6,0.4
Selangor,Selangor,2015-12-01,2015,12,December,01,Food and non-alcoholic beverages,5.2,1.0
Terengganu,Terengganu,2015-12-01,2015,12,December,01,Food and non-alcoholic beverages,3.1,1.0
W.P. Kuala Lumpur,Kuala Lumpur,2015-12-01,2015,12,December,01,Food and non-alcoholic beverages,5.3,0.8
W.P. Labuan,Labuan,2015-12-01,2015,12,December,01,Food and non-alcoholic beverages,2.2,0.3
W.P. Putrajaya,Putrajaya,2015-12-01,2015,12,December,01,Food and non-alcoholic beverages,6.3,0.3
Johor,Johor,2016-01-01,2016,1,January,01,Food and non-alcoholic beverages,5.0,1.0
Kedah,Kedah,2016-01-01,2016,1,January,01,Food and non-alcoholic beverages,3.2,0.7
Kelantan,Kelantan,2016-01-01,2016,1,January,01,Food and non-alcoholic beverages,2.8,0.8
Melaka,Melaka,2016-01-01,2016,1,January,01,Food and non-alcoholic beverages,3.9,1.0
Negeri Sembilan,Negeri Sembilan,2016-01-01,2016,1,January,01,Food and non-alcoholic beverages,4.5,0.5
Pahang,Pahang,2016-01-01,2016,1,January,01,Food and non-alcoholic beverages,3.6,0.3
Perak,Perak,2016-01-01,2016,1,January,01,Food and non-alcoholic beverages,3.3,0.6
Perlis,Perlis,2016-01-01,2016,1,January,01,Food and non-alcoholic beverages,4.1,0.9
Pulau Pinang,Penang,2016-01-01,2016,1,January,01,Food and non-alcoholic beverages,5.0,1.0
Sabah,Sabah,2016-01-01,2016,1,January,01,Food and non-alcoholic beverages,1.9,0.2
Sarawak,Sarawak,2016-01-01,2016,1,January,01,Food and non-alcoholic beverages,4.3,0.6
Selangor,Selangor,2016-01-01,2016,1,January,01,Food and non-alcoholic beverages,4.2,0.6
Terengganu,Terengganu,2016-01-01,2016,1,January,01,Food and non-alcoholic beverages,2.9,0.9
W.P. Kuala Lumpur,Kuala Lumpur,2016-01-01,2016,1,January,01,Food and non-alcoholic beverages,4.1,0.2
W.P. Labuan,Labuan,2016-01-01,2016,1,January,01,Food and non-alcoholic beverages,2.0,-0.1
W.P. Putrajaya,Putrajaya,2016-01-01,2016,1,January,01,Food and non-alcoholic beverages,6.3,1.0
Johor,Johor,2016-02-01,2016,2,February,01,Food and non-alcoholic beverages,6.2,0.6
Kedah,Kedah,2016-02-01,2016,2,February,01,Food and non-alcoholic beverages,3.9,0.3
Kelantan,Kelantan,2016-02-01,2016,2,February,01,Food and non-alcoholic beverages,3.7,0.7
Melaka,Melaka,2016-02-01,2016,2,February,01,Food and non-alcoholic beverages,4.9,0.7
Negeri Sembilan,Negeri Sembilan,2016-02-01,2016,2,February,01,Food and non-alcoholic beverages,5.8,0.7
Pahang,Pahang,2016-02-01,2016,2,February,01,Food and non-alcoholic beverages,5.1,0.6
Perak,Perak,2016-02-01,2016,2,February,01,Food and non-alcoholic beverages,4.3,0.5
Perlis,Perlis,2016-02-01,2016,2,February,01,Food and non-alcoholic beverages,4.9,1.0
Pulau Pinang,Penang,2016-02-01,2016,2,February,01,Food and non-alcoholic beverages,6.6,1.1
Sabah,Sabah,2016-02-01,2016,2,February,01,Food and non-alcoholic beverages,1.8,0.4
Sarawak,Sarawak,2016-02-01,2016,2,February,01,Food and non-alcoholic beverages,3.5,0.2
Selangor,Selangor,2016-02-01,2016,2,February,01,Food and non-alcoholic beverages,5.2,0.7
Terengganu,Terengganu,2016-02-01,2016,2,February,01,Food and non-alcoholic beverages,3.6,0.4
W.P. Kuala Lumpur,Kuala Lumpur,2016-02-01,2016,2,February,01,Food and non-alcoholic beverages,5.2,0.8
W.P. Labuan,Labuan,2016-02-01,2016,2,February,01,Food and non-alcoholic beverages,1.2,-0.2
W.P. Putrajaya,Putrajaya,2016-02-01,2016,2,February,01,Food and non-alcoholic beverages,6.5,0.2
Johor,Johor,2016-03-01,2016,3,March,01,Food and non-alcoholic beverages,6.6,0.2
Kedah,Kedah,2016-03-01,2016,3,March,01,Food and non-alcoholic beverages,4.2,0.2
Kelantan,Kelantan,2016-03-01,2016,3,March,01,Food and non-alcoholic beverages,4.0,-0.5
Melaka,Melaka,2016-03-01,2016,3,March,01,Food and non-alcoholic beverages,5.3,-0.2
Negeri Sembilan,Negeri Sembilan,2016-03-01,2016,3,March,01,Food and non-alcoholic beverages,5.6,-0.2
Pahang,Pahang,2016-03-01,2016,3,March,01,Food and non-alcoholic beverages,5.1,-0.2
Perak,Perak,2016-03-01,2016,3,March,01,Food and non-alcoholic beverages,4.1,-0.3
Perlis,Perlis,2016-03-01,2016,3,March,01,Food and non-alcoholic beverages,4.9,-0.3
Pulau Pinang,Penang,2016-03-01,2016,3,March,01,Food and non-alcoholic beverages,6.9,-0.1
Sabah,Sabah,2016-03-01,2016,3,March,01,Food and non-alcoholic beverages,1.9,-0.1
Sarawak,Sarawak,2016-03-01,2016,3,March,01,Food and non-alcoholic beverages,4.4,0.3
Selangor,Selangor,2016-03-01,2016,3,March,01,Food and non-alcoholic beverages,5.2,-0.3
Terengganu,Terengganu,2016-03-01,2016,3,March,01,Food and non-alcoholic beverages,3.9,-0.5
W.P. Kuala Lumpur,Kuala Lumpur,2016-03-01,2016,3,March,01,Food and non-alcoholic beverages,5.6,0.1
W.P. Labuan,Labuan,2016-03-01,2016,3,March,01,Food and non-alcoholic beverages,1.5,0.3
W.P. Putrajaya,Putrajaya,2016-03-01,2016,3,March,01,Food and non-alcoholic beverages,6.5,0.0
Johor,Johor,2016-04-01,2016,4,April,01,Food and non-alcoholic beverages,5.5,-0.1
Kedah,Kedah,2016-04-01,2016,4,April,01,Food and non-alcoholic beverages,3.8,-0.4
Kelantan,Kelantan,2016-04-01,2016,4,April,01,Food and non-alcoholic beverages,2.9,-0.4
Melaka,Melaka,2016-04-01,2016,4,April,01,Food and non-alcoholic beverages,5.1,0.1
Negeri Sembilan,Negeri Sembilan,2016-04-01,2016,4,April,01,Food and non-alcoholic beverages,5.1,0.1
Pahang,Pahang,2016-04-01,2016,4,April,01,Food and non-alcoholic beverages,4.3,-0.1
Perak,Perak,2016-04-01,2016,4,April,01,Food and non-alcoholic beverages,3.5,0.0
Perlis,Perlis,2016-04-01,2016,4,April,01,Food and non-alcoholic beverages,3.1,-0.7
Pulau Pinang,Penang,2016-04-01,2016,4,April,01,Food and non-alcoholic beverages,5.3,-0.2
Sabah,Sabah,2016-04-01,2016,4,April,01,Food and non-alcoholic beverages,1.3,0.2
Sarawak,Sarawak,2016-04-01,2016,4,April,01,Food and non-alcoholic beverages,3.8,0.2
Selangor,Selangor,2016-04-01,2016,4,April,01,Food and non-alcoholic beverages,4.1,0.2
Terengganu,Terengganu,2016-04-01,2016,4,April,01,Food and non-alcoholic beverages,3.0,-0.3
W.P. Kuala Lumpur,Kuala Lumpur,2016-04-01,2016,4,April,01,Food and non-alcoholic beverages,4.5,0.1
W.P. Labuan,Labuan,2016-04-01,2016,4,April,01,Food and non-alcoholic beverages,1.0,-0.5
W.P. Putrajaya,Putrajaya,2016-04-01,2016,4,April,01,Food and non-alcoholic beverages,6.3,0.2
Johor,Johor,2016-05-01,2016,5,May,01,Food and non-alcoholic beverages,5.0,0.2
Kedah,Kedah,2016-05-01,2016,5,May,01,Food and non-alcoholic beverages,3.4,0.2
Kelantan,Kelantan,2016-05-01,2016,5,May,01,Food and non-alcoholic beverages,2.7,0.6
Melaka,Melaka,2016-05-01,2016,5,May,01,Food and non-alcoholic beverages,5.0,0.5
Negeri Sembilan,Negeri Sembilan,2016-05-01,2016,5,May,01,Food and non-alcoholic beverages,4.7,0.3
Pahang,Pahang,2016-05-01,2016,5,May,01,Food and non-alcoholic beverages,4.0,0.2
Perak,Perak,2016-05-01,2016,5,May,01,Food and non-alcoholic beverages,3.3,0.3
Perlis,Perlis,2016-05-01,2016,5,May,01,Food and non-alcoholic beverages,3.7,0.4
Pulau Pinang,Penang,2016-05-01,2016,5,May,01,Food and non-alcoholic beverages,5.2,0.0
Sabah,Sabah,2016-05-01,2016,5,May,01,Food and non-alcoholic beverages,1.7,0.3
Sarawak,Sarawak,2016-05-01,2016,5,May,01,Food and non-alcoholic beverages,3.7,0.0
Selangor,Selangor,2016-05-01,2016,5,May,01,Food and non-alcoholic beverages,4.6,0.4
Terengganu,Terengganu,2016-05-01,2016,5,May,01,Food and non-alcoholic beverages,3.2,0.8
W.P. Kuala Lumpur,Kuala Lumpur,2016-05-01,2016,5,May,01,Food and non-alcoholic beverages,4.7,0.6
W.P. Labuan,Labuan,2016-05-01,2016,5,May,01,Food and non-alcoholic beverages,1.8,0.1
W.P. Putrajaya,Putrajaya,2016-05-01,2016,5,May,01,Food and non-alcoholic beverages,5.4,0.0
Johor,Johor,2016-06-01,2016,6,June,01,Food and non-alcoholic beverages,5.1,0.8
Kedah,Kedah,2016-06-01,2016,6,June,01,Food and non-alcoholic beverages,4.0,0.6
Kelantan,Kelantan,2016-06-01,2016,6,June,01,Food and non-alcoholic beverages,3.9,1.5
Melaka,Melaka,2016-06-01,2016,6,June,01,Food and non-alcoholic beverages,5.1,0.9
Negeri Sembilan,Negeri Sembilan,2016-06-01,2016,6,June,01,Food and non-alcoholic beverages,5.1,0.7
Pahang,Pahang,2016-06-01,2016,6,June,01,Food and non-alcoholic beverages,4.2,0.6
Perak,Perak,2016-06-01,2016,6,June,01,Food and non-alcoholic beverages,3.5,0.3
Perlis,Perlis,2016-06-01,2016,6,June,01,Food and non-alcoholic beverages,4.5,1.4
Pulau Pinang,Penang,2016-06-01,2016,6,June,01,Food and non-alcoholic beverages,5.2,0.5
Sabah,Sabah,2016-06-01,2016,6,June,01,Food and non-alcoholic beverages,1.5,-0.1
Sarawak,Sarawak,2016-06-01,2016,6,June,01,Food and non-alcoholic beverages,3.4,-0.1
Selangor,Selangor,2016-06-01,2016,6,June,01,Food and non-alcoholic beverages,4.5,0.6
Terengganu,Terengganu,2016-06-01,2016,6,June,01,Food and non-alcoholic beverages,4.3,1.3
W.P. Kuala Lumpur,Kuala Lumpur,2016-06-01,2016,6,June,01,Food and non-alcoholic beverages,4.6,0.2
W.P. Labuan,Labuan,2016-06-01,2016,6,June,01,Food and non-alcoholic beverages,1.0,-0.3
W.P. Putrajaya,Putrajaya,2016-06-01,2016,6,June,01,Food and non-alcoholic beverages,6.0,0.6
Johor,Johor,2016-07-01,2016,7,July,01,Food and non-alcoholic beverages,5.0,0.4
Kedah,Kedah,2016-07-01,2016,7,July,01,Food and non-alcoholic beverages,3.4,0.4
Kelantan,Kelantan,2016-07-01,2016,7,July,01,Food and non-alcoholic beverages,2.7,0.4
Melaka,Melaka,2016-07-01,2016,7,July,01,Food and non-alcoholic beverages,4.8,0.1
Negeri Sembilan,Negeri Sembilan,2016-07-01,2016,7,July,01,Food and non-alcoholic beverages,4.5,0.2
Pahang,Pahang,2016-07-01,2016,7,July,01,Food and non-alcoholic beverages,4.2,0.3
Perak,Perak,2016-07-01,2016,7,July,01,Food and non-alcoholic beverages,3.1,0.2
Perlis,Perlis,2016-07-01,2016,7,July,01,Food and non-alcoholic beverages,4.4,0.8
Pulau Pinang,Penang,2016-07-01,2016,7,July,01,Food and non-alcoholic beverages,4.6,0.2
Sabah,Sabah,2016-07-01,2016,7,July,01,Food and non-alcoholic beverages,1.3,0.2
Sarawak,Sarawak,2016-07-01,2016,7,July,01,Food and non-alcoholic beverages,2.6,-0.1
Selangor,Selangor,2016-07-01,2016,7,July,01,Food and non-alcoholic beverages,3.9,0.3
Terengganu,Terengganu,2016-07-01,2016,7,July,01,Food and non-alcoholic beverages,3.1,0.4
W.P. Kuala Lumpur,Kuala Lumpur,2016-07-01,2016,7,July,01,Food and non-alcoholic beverages,3.8,0.1
W.P. Labuan,Labuan,2016-07-01,2016,7,July,01,Food and non-alcoholic beverages,0.3,-0.1
W.P. Putrajaya,Putrajaya,2016-07-01,2016,7,July,01,Food and non-alcoholic beverages,3.7,0.4
Johor,Johor,2016-08-01,2016,8,August,01,Food and non-alcoholic beverages,4.6,0.5
Kedah,Kedah,2016-08-01,2016,8,August,01,Food and non-alcoholic beverages,3.5,0.3
Kelantan,Kelantan,2016-08-01,2016,8,August,01,Food and non-alcoholic beverages,2.9,-0.3
Melaka,Melaka,2016-08-01,2016,8,August,01,Food and non-alcoholic beverages,4.6,0.3
Negeri Sembilan,Negeri Sembilan,2016-08-01,2016,8,August,01,Food and non-alcoholic beverages,4.2,0.3
Pahang,Pahang,2016-08-01,2016,8,August,01,Food and non-alcoholic beverages,3.4,0.0
Perak,Perak,2016-08-01,2016,8,August,01,Food and non-alcoholic beverages,2.8,0.2
Perlis,Perlis,2016-08-01,2016,8,August,01,Food and non-alcoholic beverages,3.9,-0.5
Pulau Pinang,Penang,2016-08-01,2016,8,August,01,Food and non-alcoholic beverages,4.4,0.6
Sabah,Sabah,2016-08-01,2016,8,August,01,Food and non-alcoholic beverages,1.0,0.0
Sarawak,Sarawak,2016-08-01,2016,8,August,01,Food and non-alcoholic beverages,2.3,0.2
Selangor,Selangor,2016-08-01,2016,8,August,01,Food and non-alcoholic beverages,3.7,0.3
Terengganu,Terengganu,2016-08-01,2016,8,August,01,Food and non-alcoholic beverages,3.3,-0.4
W.P. Kuala Lumpur,Kuala Lumpur,2016-08-01,2016,8,August,01,Food and non-alcoholic beverages,3.7,0.7
W.P. Labuan,Labuan,2016-08-01,2016,8,August,01,Food and non-alcoholic beverages,-0.1,0.3
W.P. Putrajaya,Putrajaya,2016-08-01,2016,8,August,01,Food and non-alcoholic beverages,3.7,0.4
Johor,Johor,2016-09-01,2016,9,September,01,Food and non-alcoholic beverages,3.8,-0.4
Kedah,Kedah,2016-09-01,2016,9,September,01,Food and non-alcoholic beverages,2.3,-0.4
Kelantan,Kelantan,2016-09-01,2016,9,September,01,Food and non-alcoholic beverages,2.8,-0.2
Melaka,Melaka,2016-09-01,2016,9,September,01,Food and non-alcoholic beverages,3.3,-0.5
Negeri Sembilan,Negeri Sembilan,2016-09-01,2016,9,September,01,Food and non-alcoholic beverages,3.1,-0.4
Pahang,Pahang,2016-09-01,2016,9,September,01,Food and non-alcoholic beverages,2.6,-0.4
Perak,Perak,2016-09-01,2016,9,September,01,Food and non-alcoholic beverages,2.1,-0.3
Perlis,Perlis,2016-09-01,2016,9,September,01,Food and non-alcoholic beverages,2.9,-0.5
Pulau Pinang,Penang,2016-09-01,2016,9,September,01,Food and non-alcoholic beverages,3.6,-0.2
Sabah,Sabah,2016-09-01,2016,9,September,01,Food and non-alcoholic beverages,1.4,-0.2
Sarawak,Sarawak,2016-09-01,2016,9,September,01,Food and non-alcoholic beverages,2.3,0.1
Selangor,Selangor,2016-09-01,2016,9,September,01,Food and non-alcoholic beverages,3.2,-0.2
Terengganu,Terengganu,2016-09-01,2016,9,September,01,Food and non-alcoholic beverages,2.6,-0.2
W.P. Kuala Lumpur,Kuala Lumpur,2016-09-01,2016,9,September,01,Food and non-alcoholic beverages,3.7,0.1
W.P. Labuan,Labuan,2016-09-01,2016,9,September,01,Food and non-alcoholic beverages,0.1,0.2
W.P. Putrajaya,Putrajaya,2016-09-01,2016,9,September,01,Food and non-alcoholic beverages,2.7,-0.4
Johor,Johor,2016-10-01,2016,10,October,01,Food and non-alcoholic beverages,3.3,-0.6
Kedah,Kedah,2016-10-01,2016,10,October,01,Food and non-alcoholic beverages,1.9,-0.2
Kelantan,Kelantan,2016-10-01,2016,10,October,01,Food and non-alcoholic beverages,1.9,-1.0
Melaka,Melaka,2016-10-01,2016,10,October,01,Food and non-alcoholic beverages,3.7,-0.2
Negeri Sembilan,Negeri Sembilan,2016-10-01,2016,10,October,01,Food and non-alcoholic beverages,2.9,-0.2
Pahang,Pahang,2016-10-01,2016,10,October,01,Food and non-alcoholic beverages,1.7,-0.6
Perak,Perak,2016-10-01,2016,10,October,01,Food and non-alcoholic beverages,1.7,-0.3
Perlis,Perlis,2016-10-01,2016,10,October,01,Food and non-alcoholic beverages,2.9,-0.3
Pulau Pinang,Penang,2016-10-01,2016,10,October,01,Food and non-alcoholic beverages,3.3,0.2
Sabah,Sabah,2016-10-01,2016,10,October,01,Food and non-alcoholic beverages,1.0,0.2
Sarawak,Sarawak,2016-10-01,2016,10,October,01,Food and non-alcoholic beverages,2.1,0.0
Selangor,Selangor,2016-10-01,2016,10,October,01,Food and non-alcoholic beverages,2.8,-0.3
Terengganu,Terengganu,2016-10-01,2016,10,October,01,Food and non-alcoholic beverages,2.2,-0.7
W.P. Kuala Lumpur,Kuala Lumpur,2016-10-01,2016,10,October,01,Food and non-alcoholic beverages,3.0,-0.4
W.P. Labuan,Labuan,2016-10-01,2016,10,October,01,Food and non-alcoholic beverages,0.0,0.1
W.P. Putrajaya,Putrajaya,2016-10-01,2016,10,October,01,Food and non-alcoholic beverages,2.6,-0.2
Johor,Johor,2016-11-01,2016,11,November,01,Food and non-alcoholic beverages,4.4,0.8
Kedah,Kedah,2016-11-01,2016,11,November,01,Food and non-alcoholic beverages,2.6,0.4
Kelantan,Kelantan,2016-11-01,2016,11,November,01,Food and non-alcoholic beverages,3.0,1.0
Melaka,Melaka,2016-11-01,2016,11,November,01,Food and non-alcoholic beverages,4.8,1.0
Negeri Sembilan,Negeri Sembilan,2016-11-01,2016,11,November,01,Food and non-alcoholic beverages,3.6,0.6
Pahang,Pahang,2016-11-01,2016,11,November,01,Food and non-alcoholic beverages,3.3,1.0
Perak,Perak,2016-11-01,2016,11,November,01,Food and non-alcoholic beverages,2.7,0.8
Perlis,Perlis,2016-11-01,2016,11,November,01,Food and non-alcoholic beverages,3.5,1.0
Pulau Pinang,Penang,2016-11-01,2016,11,November,01,Food and non-alcoholic beverages,4.3,0.8
Sabah,Sabah,2016-11-01,2016,11,November,01,Food and non-alcoholic beverages,2.7,1.3
Sarawak,Sarawak,2016-11-01,2016,11,November,01,Food and non-alcoholic beverages,2.3,0.3
Selangor,Selangor,2016-11-01,2016,11,November,01,Food and non-alcoholic beverages,4.0,0.8
Terengganu,Terengganu,2016-11-01,2016,11,November,01,Food and non-alcoholic beverages,3.1,0.5
W.P. Kuala Lumpur,Kuala Lumpur,2016-11-01,2016,11,November,01,Food and non-alcoholic beverages,3.7,0.5
W.P. Labuan,Labuan,2016-11-01,2016,11,November,01,Food and non-alcoholic beverages,0.8,0.7
W.P. Putrajaya,Putrajaya,2016-11-01,2016,11,November,01,Food and non-alcoholic beverages,3.0,0.5
Johor,Johor,2016-12-01,2016,12,December,01,Food and non-alcoholic beverages,4.3,0.9
Kedah,Kedah,2016-12-01,2016,12,December,01,Food and non-alcoholic beverages,3.2,1.1
Kelantan,Kelantan,2016-12-01,2016,12,December,01,Food and non-alcoholic beverages,3.2,0.7
Melaka,Melaka,2016-12-01,2016,12,December,01,Food and non-alcoholic beverages,4.8,1.0
Negeri Sembilan,Negeri Sembilan,2016-12-01,2016,12,December,01,Food and non-alcoholic beverages,3.4,0.8
Pahang,Pahang,2016-12-01,2016,12,December,01,Food and non-alcoholic beverages,2.3,0.4
Perak,Perak,2016-12-01,2016,12,December,01,Food and non-alcoholic beverages,2.6,0.5
Perlis,Perlis,2016-12-01,2016,12,December,01,Food and non-alcoholic beverages,5.2,1.9
Pulau Pinang,Penang,2016-12-01,2016,12,December,01,Food and non-alcoholic beverages,4.3,0.5
Sabah,Sabah,2016-12-01,2016,12,December,01,Food and non-alcoholic beverages,2.7,0.3
Sarawak,Sarawak,2016-12-01,2016,12,December,01,Food and non-alcoholic beverages,2.0,0.2
Selangor,Selangor,2016-12-01,2016,12,December,01,Food and non-alcoholic beverages,3.8,0.8
Terengganu,Terengganu,2016-12-01,2016,12,December,01,Food and non-alcoholic beverages,2.8,0.7
W.P. Kuala Lumpur,Kuala Lumpur,2016-12-01,2016,12,December,01,Food and non-alcoholic beverages,3.5,0.6
W.P. Labuan,Labuan,2016-12-01,2016,12,December,01,Food and non-alcoholic beverages,0.5,0.0
W.P. Putrajaya,Putrajaya,2016-12-01,2016,12,December,01,Food and non-alcoholic beverages,3.4,0.6
Johor,Johor,2017-01-01,2017,1,January,01,Food and non-alcoholic beverages,4.6,1.2
Kedah,Kedah,2017-01-01,2017,1,January,01,Food and non-alcoholic beverages,3.9,1.4
Kelantan,Kelantan,2017-01-01,2017,1,January,01,Food and non-alcoholic beverages,3.6,1.2
Melaka,Melaka,2017-01-01,2017,1,January,01,Food and non-alcoholic beverages,4.7,0.9
Negeri Sembilan,Negeri Sembilan,2017-01-01,2017,1,January,01,Food and non-alcoholic beverages,3.7,0.7
Pahang,Pahang,2017-01-01,2017,1,January,01,Food and non-alcoholic beverages,2.1,0.2
Perak,Perak,2017-01-01,2017,1,January,01,Food and non-alcoholic beverages,2.6,0.6
Perlis,Perlis,2017-01-01,2017,1,January,01,Food and non-alcoholic beverages,6.2,1.9
Pulau Pinang,Penang,2017-01-01,2017,1,January,01,Food and non-alcoholic beverages,4.6,1.2
Sabah,Sabah,2017-01-01,2017,1,January,01,Food and non-alcoholic beverages,3.4,0.8
Sarawak,Sarawak,2017-01-01,2017,1,January,01,Food and non-alcoholic beverages,1.7,0.3
Selangor,Selangor,2017-01-01,2017,1,January,01,Food and non-alcoholic beverages,3.8,0.5
Terengganu,Terengganu,2017-01-01,2017,1,January,01,Food and non-alcoholic beverages,2.9,1.1
W.P. Kuala Lumpur,Kuala Lumpur,2017-01-01,2017,1,January,01,Food and non-alcoholic beverages,4.3,0.9
W.P. Labuan,Labuan,2017-01-01,2017,1,January,01,Food and non-alcoholic beverages,0.4,-0.2
W.P. Putrajaya,Putrajaya,2017-01-01,2017,1,January,01,Food and non-alcoholic beverages,3.5,1.1
Johor,Johor,2017-02-01,2017,2,February,01,Food and non-alcoholic beverages,4.8,0.8
Kedah,Kedah,2017-02-01,2017,2,February,01,Food and non-alcoholic beverages,4.5,0.9
Kelantan,Kelantan,2017-02-01,2017,2,February,01,Food and non-alcoholic beverages,3.4,0.4
Melaka,Melaka,2017-02-01,2017,2,February,01,Food and non-alcoholic beverages,5.0,1.1
Negeri Sembilan,Negeri Sembilan,2017-02-01,2017,2,February,01,Food and non-alcoholic beverages,4.0,0.9
Pahang,Pahang,2017-02-01,2017,2,February,01,Food and non-alcoholic beverages,2.6,1.1
Perak,Perak,2017-02-01,2017,2,February,01,Food and non-alcoholic beverages,3.0,0.9
Perlis,Perlis,2017-02-01,2017,2,February,01,Food and non-alcoholic beverages,5.8,0.6
Pulau Pinang,Penang,2017-02-01,2017,2,February,01,Food and non-alcoholic beverages,4.2,0.7
Sabah,Sabah,2017-02-01,2017,2,February,01,Food and non-alcoholic beverages,3.2,0.3
Sarawak,Sarawak,2017-02-01,2017,2,February,01,Food and non-alcoholic beverages,1.8,0.3
Selangor,Selangor,2017-02-01,2017,2,February,01,Food and non-alcoholic beverages,4.5,1.5
Terengganu,Terengganu,2017-02-01,2017,2,February,01,Food and non-alcoholic beverages,3.2,0.7
W.P. Kuala Lumpur,Kuala Lumpur,2017-02-01,2017,2,February,01,Food and non-alcoholic beverages,4.8,1.4
W.P. Labuan,Labuan,2017-02-01,2017,2,February,01,Food and non-alcoholic beverages,1.2,0.6
W.P. Putrajaya,Putrajaya,2017-02-01,2017,2,February,01,Food and non-alcoholic beverages,4.0,0.8
Johor,Johor,2017-03-01,2017,3,March,01,Food and non-alcoholic beverages,4.0,-0.6
Kedah,Kedah,2017-03-01,2017,3,March,01,Food and non-alcoholic beverages,3.9,-0.4
Kelantan,Kelantan,2017-03-01,2017,3,March,01,Food and non-alcoholic beverages,3.4,-0.6
Melaka,Melaka,2017-03-01,2017,3,March,01,Food and non-alcoholic beverages,4.6,-0.6
Negeri Sembilan,Negeri Sembilan,2017-03-01,2017,3,March,01,Food and non-alcoholic beverages,3.7,-0.5
Pahang,Pahang,2017-03-01,2017,3,March,01,Food and non-alcoholic beverages,2.2,-0.5
Perak,Perak,2017-03-01,2017,3,March,01,Food and non-alcoholic beverages,3.0,-0.3
Perlis,Perlis,2017-03-01,2017,3,March,01,Food and non-alcoholic beverages,5.2,-0.8
Pulau Pinang,Penang,2017-03-01,2017,3,March,01,Food and non-alcoholic beverages,4.0,-0.2
Sabah,Sabah,2017-03-01,2017,3,March,01,Food and non-alcoholic beverages,3.7,0.4
Sarawak,Sarawak,2017-03-01,2017,3,March,01,Food and non-alcoholic beverages,2.0,0.5
Selangor,Selangor,2017-03-01,2017,3,March,01,Food and non-alcoholic beverages,4.2,-0.6
Terengganu,Terengganu,2017-03-01,2017,3,March,01,Food and non-alcoholic beverages,2.9,-0.7
W.P. Kuala Lumpur,Kuala Lumpur,2017-03-01,2017,3,March,01,Food and non-alcoholic beverages,4.2,-0.5
W.P. Labuan,Labuan,2017-03-01,2017,3,March,01,Food and non-alcoholic beverages,1.1,0.3
W.P. Putrajaya,Putrajaya,2017-03-01,2017,3,March,01,Food and non-alcoholic beverages,3.9,-0.1
Johor,Johor,2017-04-01,2017,4,April,01,Food and non-alcoholic beverages,4.4,0.3
Kedah,Kedah,2017-04-01,2017,4,April,01,Food and non-alcoholic beverages,4.1,-0.2
Kelantan,Kelantan,2017-04-01,2017,4,April,01,Food and non-alcoholic beverages,3.3,-0.5
Melaka,Melaka,2017-04-01,2017,4,April,01,Food and non-alcoholic beverages,5.0,0.4
Negeri Sembilan,Negeri Sembilan,2017-04-01,2017,4,April,01,Food and non-alcoholic beverages,3.5,-0.1
Pahang,Pahang,2017-04-01,2017,4,April,01,Food and non-alcoholic beverages,2.3,0.0
Perak,Perak,2017-04-01,2017,4,April,01,Food and non-alcoholic beverages,2.9,-0.1
Perlis,Perlis,2017-04-01,2017,4,April,01,Food and non-alcoholic beverages,5.8,-0.1
Pulau Pinang,Penang,2017-04-01,2017,4,April,01,Food and non-alcoholic beverages,4.3,0.1
Sabah,Sabah,2017-04-01,2017,4,April,01,Food and non-alcoholic beverages,3.5,0.0
Sarawak,Sarawak,2017-04-01,2017,4,April,01,Food and non-alcoholic beverages,2.0,0.2
Selangor,Selangor,2017-04-01,2017,4,April,01,Food and non-alcoholic beverages,4.3,0.2
Terengganu,Terengganu,2017-04-01,2017,4,April,01,Food and non-alcoholic beverages,2.6,-0.7
W.P. Kuala Lumpur,Kuala Lumpur,2017-04-01,2017,4,April,01,Food and non-alcoholic beverages,4.5,0.3
W.P. Labuan,Labuan,2017-04-01,2017,4,April,01,Food and non-alcoholic beverages,2.2,0.5
W.P. Putrajaya,Putrajaya,2017-04-01,2017,4,April,01,Food and non-alcoholic beverages,4.2,0.5
Johor,Johor,2017-05-01,2017,5,May,01,Food and non-alcoholic beverages,4.5,0.4
Kedah,Kedah,2017-05-01,2017,5,May,01,Food and non-alcoholic beverages,4.3,0.4
Kelantan,Kelantan,2017-05-01,2017,5,May,01,Food and non-alcoholic beverages,3.6,0.9
Melaka,Melaka,2017-05-01,2017,5,May,01,Food and non-alcoholic beverages,5.2,0.7
Negeri Sembilan,Negeri Sembilan,2017-05-01,2017,5,May,01,Food and non-alcoholic beverages,3.7,0.5
Pahang,Pahang,2017-05-01,2017,5,May,01,Food and non-alcoholic beverages,2.7,0.6
Perak,Perak,2017-05-01,2017,5,May,01,Food and non-alcoholic beverages,2.9,0.3
Perlis,Perlis,2017-05-01,2017,5,May,01,Food and non-alcoholic beverages,5.7,0.3
Pulau Pinang,Penang,2017-05-01,2017,5,May,01,Food and non-alcoholic beverages,4.7,0.5
Sabah,Sabah,2017-05-01,2017,5,May,01,Food and non-alcoholic beverages,3.8,0.5
Sarawak,Sarawak,2017-05-01,2017,5,May,01,Food and non-alcoholic beverages,2.2,0.2
Selangor,Selangor,2017-05-01,2017,5,May,01,Food and non-alcoholic beverages,4.4,0.5
Terengganu,Terengganu,2017-05-01,2017,5,May,01,Food and non-alcoholic beverages,2.3,0.5
W.P. Kuala Lumpur,Kuala Lumpur,2017-05-01,2017,5,May,01,Food and non-alcoholic beverages,4.6,0.7
W.P. Labuan,Labuan,2017-05-01,2017,5,May,01,Food and non-alcoholic beverages,2.5,0.4
W.P. Putrajaya,Putrajaya,2017-05-01,2017,5,May,01,Food and non-alcoholic beverages,4.2,0.0
Johor,Johor,2017-06-01,2017,6,June,01,Food and non-alcoholic beverages,4.7,0.9
Kedah,Kedah,2017-06-01,2017,6,June,01,Food and non-alcoholic beverages,4.3,0.6
Kelantan,Kelantan,2017-06-01,2017,6,June,01,Food and non-alcoholic beverages,2.9,0.8
Melaka,Melaka,2017-06-01,2017,6,June,01,Food and non-alcoholic beverages,4.7,0.5
Negeri Sembilan,Negeri Sembilan,2017-06-01,2017,6,June,01,Food and non-alcoholic beverages,3.4,0.4
Pahang,Pahang,2017-06-01,2017,6,June,01,Food and non-alcoholic beverages,2.3,0.2
Perak,Perak,2017-06-01,2017,6,June,01,Food and non-alcoholic beverages,2.9,0.3
Perlis,Perlis,2017-06-01,2017,6,June,01,Food and non-alcoholic beverages,4.7,0.4
Pulau Pinang,Penang,2017-06-01,2017,6,June,01,Food and non-alcoholic beverages,4.5,0.2
Sabah,Sabah,2017-06-01,2017,6,June,01,Food and non-alcoholic beverages,4.1,0.2
Sarawak,Sarawak,2017-06-01,2017,6,June,01,Food and non-alcoholic beverages,2.6,0.2
Selangor,Selangor,2017-06-01,2017,6,June,01,Food and non-alcoholic beverages,4.3,0.4
Terengganu,Terengganu,2017-06-01,2017,6,June,01,Food and non-alcoholic beverages,1.7,0.7
W.P. Kuala Lumpur,Kuala Lumpur,2017-06-01,2017,6,June,01,Food and non-alcoholic beverages,4.4,0.1
W.P. Labuan,Labuan,2017-06-01,2017,6,June,01,Food and non-alcoholic beverages,2.8,0.0
W.P. Putrajaya,Putrajaya,2017-06-01,2017,6,June,01,Food and non-alcoholic beverages,4.0,0.5
Johor,Johor,2017-07-01,2017,7,July,01,Food and non-alcoholic beverages,4.6,0.3
Kedah,Kedah,2017-07-01,2017,7,July,01,Food and non-alcoholic beverages,3.9,0.1
Kelantan,Kelantan,2017-07-01,2017,7,July,01,Food and non-alcoholic beverages,2.8,0.3
Melaka,Melaka,2017-07-01,2017,7,July,01,Food and non-alcoholic beverages,4.4,-0.2
Negeri Sembilan,Negeri Sembilan,2017-07-01,2017,7,July,01,Food and non-alcoholic beverages,3.3,0.2
Pahang,Pahang,2017-07-01,2017,7,July,01,Food and non-alcoholic beverages,2.3,0.3
Perak,Perak,2017-07-01,2017,7,July,01,Food and non-alcoholic beverages,3.2,0.5
Perlis,Perlis,2017-07-01,2017,7,July,01,Food and non-alcoholic beverages,3.2,-0.7
Pulau Pinang,Penang,2017-07-01,2017,7,July,01,Food and non-alcoholic beverages,4.9,0.6
Sabah,Sabah,2017-07-01,2017,7,July,01,Food and non-alcoholic beverages,4.5,0.5
Sarawak,Sarawak,2017-07-01,2017,7,July,01,Food and non-alcoholic beverages,2.8,0.2
Selangor,Selangor,2017-07-01,2017,7,July,01,Food and non-alcoholic beverages,4.2,0.2
Terengganu,Terengganu,2017-07-01,2017,7,July,01,Food and non-alcoholic beverages,1.8,0.5
W.P. Kuala Lumpur,Kuala Lumpur,2017-07-01,2017,7,July,01,Food and non-alcoholic beverages,4.4,0.1
W.P. Labuan,Labuan,2017-07-01,2017,7,July,01,Food and non-alcoholic beverages,3.7,0.8
W.P. Putrajaya,Putrajaya,2017-07-01,2017,7,July,01,Food and non-alcoholic beverages,3.7,0.1
Johor,Johor,2017-08-01,2017,8,August,01,Food and non-alcoholic beverages,4.6,0.4
Kedah,Kedah,2017-08-01,2017,8,August,01,Food and non-alcoholic beverages,4.2,0.6
Kelantan,Kelantan,2017-08-01,2017,8,August,01,Food and non-alcoholic beverages,3.6,0.5
Melaka,Melaka,2017-08-01,2017,8,August,01,Food and non-alcoholic beverages,4.5,0.4
Negeri Sembilan,Negeri Sembilan,2017-08-01,2017,8,August,01,Food and non-alcoholic beverages,3.4,0.4
Pahang,Pahang,2017-08-01,2017,8,August,01,Food and non-alcoholic beverages,2.6,0.3
Perak,Perak,2017-08-01,2017,8,August,01,Food and non-alcoholic beverages,3.5,0.5
Perlis,Perlis,2017-08-01,2017,8,August,01,Food and non-alcoholic beverages,4.6,0.8
Pulau Pinang,Penang,2017-08-01,2017,8,August,01,Food and non-alcoholic beverages,4.5,0.2
Sabah,Sabah,2017-08-01,2017,8,August,01,Food and non-alcoholic beverages,4.8,0.3
Sarawak,Sarawak,2017-08-01,2017,8,August,01,Food and non-alcoholic beverages,2.8,0.2
Selangor,Selangor,2017-08-01,2017,8,August,01,Food and non-alcoholic beverages,4.1,0.2
Terengganu,Terengganu,2017-08-01,2017,8,August,01,Food and non-alcoholic beverages,2.7,0.4
W.P. Kuala Lumpur,Kuala Lumpur,2017-08-01,2017,8,August,01,Food and non-alcoholic beverages,4.3,0.6
W.P. Labuan,Labuan,2017-08-01,2017,8,August,01,Food and non-alcoholic beverages,3.7,0.2
W.P. Putrajaya,Putrajaya,2017-08-01,2017,8,August,01,Food and non-alcoholic beverages,3.2,-0.1
Johor,Johor,2017-09-01,2017,9,September,01,Food and non-alcoholic beverages,4.8,-0.1
Kedah,Kedah,2017-09-01,2017,9,September,01,Food and non-alcoholic beverages,4.6,0.0
Kelantan,Kelantan,2017-09-01,2017,9,September,01,Food and non-alcoholic beverages,3.3,-0.5
Melaka,Melaka,2017-09-01,2017,9,September,01,Food and non-alcoholic beverages,5.4,0.4
Negeri Sembilan,Negeri Sembilan,2017-09-01,2017,9,September,01,Food and non-alcoholic beverages,3.9,0.1
Pahang,Pahang,2017-09-01,2017,9,September,01,Food and non-alcoholic beverages,2.7,-0.3
Perak,Perak,2017-09-01,2017,9,September,01,Food and non-alcoholic beverages,3.9,0.1
Perlis,Perlis,2017-09-01,2017,9,September,01,Food and non-alcoholic beverages,5.8,0.7
Pulau Pinang,Penang,2017-09-01,2017,9,September,01,Food and non-alcoholic beverages,4.9,0.1
Sabah,Sabah,2017-09-01,2017,9,September,01,Food and non-alcoholic beverages,5.3,0.3
Sarawak,Sarawak,2017-09-01,2017,9,September,01,Food and non-alcoholic beverages,3.1,0.4
Selangor,Selangor,2017-09-01,2017,9,September,01,Food and non-alcoholic beverages,4.2,-0.1
Terengganu,Terengganu,2017-09-01,2017,9,September,01,Food and non-alcoholic beverages,2.5,-0.4
W.P. Kuala Lumpur,Kuala Lumpur,2017-09-01,2017,9,September,01,Food and non-alcoholic beverages,4.5,0.2
W.P. Labuan,Labuan,2017-09-01,2017,9,September,01,Food and non-alcoholic beverages,3.8,0.2
W.P. Putrajaya,Putrajaya,2017-09-01,2017,9,September,01,Food and non-alcoholic beverages,4.0,0.5
Johor,Johor,2017-10-01,2017,10,October,01,Food and non-alcoholic beverages,5.1,-0.3
Kedah,Kedah,2017-10-01,2017,10,October,01,Food and non-alcoholic beverages,4.4,-0.4
Kelantan,Kelantan,2017-10-01,2017,10,October,01,Food and non-alcoholic beverages,4.1,-0.3
Melaka,Melaka,2017-10-01,2017,10,October,01,Food and non-alcoholic beverages,5.1,-0.5
Negeri Sembilan,Negeri Sembilan,2017-10-01,2017,10,October,01,Food and non-alcoholic beverages,3.6,-0.5
Pahang,Pahang,2017-10-01,2017,10,October,01,Food and non-alcoholic beverages,3.3,0.0
Perak,Perak,2017-10-01,2017,10,October,01,Food and non-alcoholic beverages,3.9,-0.2
Perlis,Perlis,2017-10-01,2017,10,October,01,Food and non-alcoholic beverages,4.3,-1.6
Pulau Pinang,Penang,2017-10-01,2017,10,October,01,Food and non-alcoholic beverages,4.4,-0.3
Sabah,Sabah,2017-10-01,2017,10,October,01,Food and non-alcoholic beverages,4.2,-0.9
Sarawak,Sarawak,2017-10-01,2017,10,October,01,Food and non-alcoholic beverages,3.1,0.0
Selangor,Selangor,2017-10-01,2017,10,October,01,Food and non-alcoholic beverages,4.5,-0.1
Terengganu,Terengganu,2017-10-01,2017,10,October,01,Food and non-alcoholic beverages,3.2,-0.1
W.P. Kuala Lumpur,Kuala Lumpur,2017-10-01,2017,10,October,01,Food and non-alcoholic beverages,4.8,-0.1
W.P. Labuan,Labuan,2017-10-01,2017,10,October,01,Food and non-alcoholic beverages,3.4,-0.2
W.P. Putrajaya,Putrajaya,2017-10-01,2017,10,October,01,Food and non-alcoholic beverages,4.1,-0.1
Johor,Johor,2017-11-01,2017,11,November,01,Food and non-alcoholic beverages,4.7,0.4
Kedah,Kedah,2017-11-01,2017,11,November,01,Food and non-alcoholic beverages,4.3,0.3
Kelantan,Kelantan,2017-11-01,2017,11,November,01,Food and non-alcoholic beverages,3.3,0.2
Melaka,Melaka,2017-11-01,2017,11,November,01,Food and non-alcoholic beverages,4.4,0.4
Negeri Sembilan,Negeri Sembilan,2017-11-01,2017,11,November,01,Food and non-alcoholic beverages,3.4,0.4
Pahang,Pahang,2017-11-01,2017,11,November,01,Food and non-alcoholic beverages,2.3,0.1
Perak,Perak,2017-11-01,2017,11,November,01,Food and non-alcoholic beverages,3.5,0.3
Perlis,Perlis,2017-11-01,2017,11,November,01,Food and non-alcoholic beverages,3.4,0.0
Pulau Pinang,Penang,2017-11-01,2017,11,November,01,Food and non-alcoholic beverages,3.8,0.1
Sabah,Sabah,2017-11-01,2017,11,November,01,Food and non-alcoholic beverages,3.5,0.6
Sarawak,Sarawak,2017-11-01,2017,11,November,01,Food and non-alcoholic beverages,3.0,0.2
Selangor,Selangor,2017-11-01,2017,11,November,01,Food and non-alcoholic beverages,4.2,0.5
Terengganu,Terengganu,2017-11-01,2017,11,November,01,Food and non-alcoholic beverages,3.2,0.5
W.P. Kuala Lumpur,Kuala Lumpur,2017-11-01,2017,11,November,01,Food and non-alcoholic beverages,4.6,0.3
W.P. Labuan,Labuan,2017-11-01,2017,11,November,01,Food and non-alcoholic beverages,2.8,0.1
W.P. Putrajaya,Putrajaya,2017-11-01,2017,11,November,01,Food and non-alcoholic beverages,3.6,-0.1
Johor,Johor,2017-12-01,2017,12,December,01,Food and non-alcoholic beverages,4.5,0.7
Kedah,Kedah,2017-12-01,2017,12,December,01,Food and non-alcoholic beverages,3.6,0.4
Kelantan,Kelantan,2017-12-01,2017,12,December,01,Food and non-alcoholic beverages,3.4,0.8
Melaka,Melaka,2017-12-01,2017,12,December,01,Food and non-alcoholic beverages,4.6,1.2
Negeri Sembilan,Negeri Sembilan,2017-12-01,2017,12,December,01,Food and non-alcoholic beverages,3.5,0.9
Pahang,Pahang,2017-12-01,2017,12,December,01,Food and non-alcoholic beverages,3.0,1.1
Perak,Perak,2017-12-01,2017,12,December,01,Food and non-alcoholic beverages,3.7,0.6
Perlis,Perlis,2017-12-01,2017,12,December,01,Food and non-alcoholic beverages,2.4,0.9
Pulau Pinang,Penang,2017-12-01,2017,12,December,01,Food and non-alcoholic beverages,4.1,0.7
Sabah,Sabah,2017-12-01,2017,12,December,01,Food and non-alcoholic beverages,3.6,0.5
Sarawak,Sarawak,2017-12-01,2017,12,December,01,Food and non-alcoholic beverages,3.2,0.3
Selangor,Selangor,2017-12-01,2017,12,December,01,Food and non-alcoholic beverages,4.2,0.8
Terengganu,Terengganu,2017-12-01,2017,12,December,01,Food and non-alcoholic beverages,3.4,1.0
W.P. Kuala Lumpur,Kuala Lumpur,2017-12-01,2017,12,December,01,Food and non-alcoholic beverages,5.0,0.9
W.P. Labuan,Labuan,2017-12-01,2017,12,December,01,Food and non-alcoholic beverages,3.2,0.3
W.P. Putrajaya,Putrajaya,2017-12-01,2017,12,December,01,Food and non-alcoholic beverages,4.2,1.2
Johor,Johor,2018-01-01,2018,1,January,01,Food and non-alcoholic beverages,4.0,0.7
Kedah,Kedah,2018-01-01,2018,1,January,01,Food and non-alcoholic beverages,-4.1,-6.2
Kelantan,Kelantan,2018-01-01,2018,1,January,01,Food and non-alcoholic beverages,2.7,0.6
Melaka,Melaka,2018-01-01,2018,1,January,01,Food and non-alcoholic beverages,4.2,0.5
Negeri Sembilan,Negeri Sembilan,2018-01-01,2018,1,January,01,Food and non-alcoholic beverages,3.3,0.5
Pahang,Pahang,2018-01-01,2018,1,January,01,Food and non-alcoholic beverages,3.3,0.5
Perak,Perak,2018-01-01,2018,1,January,01,Food and non-alcoholic beverages,3.5,0.4
Perlis,Perlis,2018-01-01,2018,1,January,01,Food and non-alcoholic beverages,0.3,-0.2
Pulau Pinang,Penang,2018-01-01,2018,1,January,01,Food and non-alcoholic beverages,3.7,0.8
Sabah,Sabah,2018-01-01,2018,1,January,01,Food and non-alcoholic beverages,3.7,0.9
Sarawak,Sarawak,2018-01-01,2018,1,January,01,Food and non-alcoholic beverages,3.2,0.3
Selangor,Selangor,2018-01-01,2018,1,January,01,Food and non-alcoholic beverages,4.2,0.6
Terengganu,Terengganu,2018-01-01,2018,1,January,01,Food and non-alcoholic beverages,3.0,0.7
W.P. Kuala Lumpur,Kuala Lumpur,2018-01-01,2018,1,January,01,Food and non-alcoholic beverages,5.4,1.2
W.P. Labuan,Labuan,2018-01-01,2018,1,January,01,Food and non-alcoholic beverages,3.6,0.2
W.P. Putrajaya,Putrajaya,2018-01-01,2018,1,January,01,Food and non-alcoholic beverages,3.4,0.3
Johor,Johor,2018-02-01,2018,2,February,01,Food and non-alcoholic beverages,3.6,0.4
Kedah,Kedah,2018-02-01,2018,2,February,01,Food and non-alcoholic beverages,-4.8,0.1
Kelantan,Kelantan,2018-02-01,2018,2,February,01,Food and non-alcoholic beverages,2.2,-0.1
Melaka,Melaka,2018-02-01,2018,2,February,01,Food and non-alcoholic beverages,3.1,0.0
Negeri Sembilan,Negeri Sembilan,2018-02-01,2018,2,February,01,Food and non-alcoholic beverages,2.7,0.3
Pahang,Pahang,2018-02-01,2018,2,February,01,Food and non-alcoholic beverages,1.9,-0.3
Perak,Perak,2018-02-01,2018,2,February,01,Food and non-alcoholic beverages,2.7,0.2
Perlis,Perlis,2018-02-01,2018,2,February,01,Food and non-alcoholic beverages,-0.2,0.0
Pulau Pinang,Penang,2018-02-01,2018,2,February,01,Food and non-alcoholic beverages,3.2,0.2
Sabah,Sabah,2018-02-01,2018,2,February,01,Food and non-alcoholic beverages,3.3,-0.2
Sarawak,Sarawak,2018-02-01,2018,2,February,01,Food and non-alcoholic beverages,3.1,0.2
Selangor,Selangor,2018-02-01,2018,2,February,01,Food and non-alcoholic beverages,2.8,0.1
Terengganu,Terengganu,2018-02-01,2018,2,February,01,Food and non-alcoholic beverages,2.4,0.0
W.P. Kuala Lumpur,Kuala Lumpur,2018-02-01,2018,2,February,01,Food and non-alcoholic beverages,4.2,0.2
W.P. Labuan,Labuan,2018-02-01,2018,2,February,01,Food and non-alcoholic beverages,2.9,-0.1
W.P. Putrajaya,Putrajaya,2018-02-01,2018,2,February,01,Food and non-alcoholic beverages,2.8,0.2
Johor,Johor,2018-03-01,2018,3,March,01,Food and non-alcoholic beverages,3.4,-0.8
Kedah,Kedah,2018-03-01,2018,3,March,01,Food and non-alcoholic beverages,-5.0,-0.6
Kelantan,Kelantan,2018-03-01,2018,3,March,01,Food and non-alcoholic beverages,2.2,-0.6
Melaka,Melaka,2018-03-01,2018,3,March,01,Food and non-alcoholic beverages,3.0,-0.7
Negeri Sembilan,Negeri Sembilan,2018-03-01,2018,3,March,01,Food and non-alcoholic beverages,2.5,-0.7
Pahang,Pahang,2018-03-01,2018,3,March,01,Food and non-alcoholic beverages,2.0,-0.5
Perak,Perak,2018-03-01,2018,3,March,01,Food and non-alcoholic beverages,2.5,-0.6
Perlis,Perlis,2018-03-01,2018,3,March,01,Food and non-alcoholic beverages,-0.2,-0.8
Pulau Pinang,Penang,2018-03-01,2018,3,March,01,Food and non-alcoholic beverages,3.1,-0.3
Sabah,Sabah,2018-03-01,2018,3,March,01,Food and non-alcoholic beverages,2.9,0.1
Sarawak,Sarawak,2018-03-01,2018,3,March,01,Food and non-alcoholic beverages,2.8,0.2
Selangor,Selangor,2018-03-01,2018,3,March,01,Food and non-alcoholic beverages,2.8,-0.6
Terengganu,Terengganu,2018-03-01,2018,3,March,01,Food and non-alcoholic beverages,2.1,-1.0
W.P. Kuala Lumpur,Kuala Lumpur,2018-03-01,2018,3,March,01,Food and non-alcoholic beverages,4.1,-0.6
W.P. Labuan,Labuan,2018-03-01,2018,3,March,01,Food and non-alcoholic beverages,2.8,0.2
W.P. Putrajaya,Putrajaya,2018-03-01,2018,3,March,01,Food and non-alcoholic beverages,2.4,-0.4
Johor,Johor,2018-04-01,2018,4,April,01,Food and non-alcoholic beverages,2.6,-0.5
Kedah,Kedah,2018-04-01,2018,4,April,01,Food and non-alcoholic beverages,1.7,6.9
Kelantan,Kelantan,2018-04-01,2018,4,April,01,Food and non-alcoholic beverages,2.2,-0.5
Melaka,Melaka,2018-04-01,2018,4,April,01,Food and non-alcoholic beverages,2.3,-0.3
Negeri Sembilan,Negeri Sembilan,2018-04-01,2018,4,April,01,Food and non-alcoholic beverages,2.4,-0.2
Pahang,Pahang,2018-04-01,2018,4,April,01,Food and non-alcoholic beverages,1.8,-0.2
Perak,Perak,2018-04-01,2018,4,April,01,Food and non-alcoholic beverages,2.2,-0.3
Perlis,Perlis,2018-04-01,2018,4,April,01,Food and non-alcoholic beverages,-0.1,0.1
Pulau Pinang,Penang,2018-04-01,2018,4,April,01,Food and non-alcoholic beverages,3.0,-0.1
Sabah,Sabah,2018-04-01,2018,4,April,01,Food and non-alcoholic beverages,2.3,-0.6
Sarawak,Sarawak,2018-04-01,2018,4,April,01,Food and non-alcoholic beverages,2.5,-0.2
Selangor,Selangor,2018-04-01,2018,4,April,01,Food and non-alcoholic beverages,2.4,-0.2
Terengganu,Terengganu,2018-04-01,2018,4,April,01,Food and non-alcoholic beverages,2.1,-0.7
W.P. Kuala Lumpur,Kuala Lumpur,2018-04-01,2018,4,April,01,Food and non-alcoholic beverages,4.4,0.6
W.P. Labuan,Labuan,2018-04-01,2018,4,April,01,Food and non-alcoholic beverages,2.4,0.2
W.P. Putrajaya,Putrajaya,2018-04-01,2018,4,April,01,Food and non-alcoholic beverages,1.7,-0.2
Johor,Johor,2018-05-01,2018,5,May,01,Food and non-alcoholic beverages,2.3,0.1
Kedah,Kedah,2018-05-01,2018,5,May,01,Food and non-alcoholic beverages,1.0,-0.2
Kelantan,Kelantan,2018-05-01,2018,5,May,01,Food and non-alcoholic beverages,1.6,0.3
Melaka,Melaka,2018-05-01,2018,5,May,01,Food and non-alcoholic beverages,1.7,0.1
Negeri Sembilan,Negeri Sembilan,2018-05-01,2018,5,May,01,Food and non-alcoholic beverages,1.8,0.0
Pahang,Pahang,2018-05-01,2018,5,May,01,Food and non-alcoholic beverages,1.5,0.3
Perak,Perak,2018-05-01,2018,5,May,01,Food and non-alcoholic beverages,1.9,0.0
Perlis,Perlis,2018-05-01,2018,5,May,01,Food and non-alcoholic beverages,-0.7,-0.2
Pulau Pinang,Penang,2018-05-01,2018,5,May,01,Food and non-alcoholic beverages,2.4,-0.1
Sabah,Sabah,2018-05-01,2018,5,May,01,Food and non-alcoholic beverages,1.4,-0.4
Sarawak,Sarawak,2018-05-01,2018,5,May,01,Food and non-alcoholic beverages,2.3,0.0
Selangor,Selangor,2018-05-01,2018,5,May,01,Food and non-alcoholic beverages,2.2,0.4
Terengganu,Terengganu,2018-05-01,2018,5,May,01,Food and non-alcoholic beverages,2.0,0.4
W.P. Kuala Lumpur,Kuala Lumpur,2018-05-01,2018,5,May,01,Food and non-alcoholic beverages,4.5,0.8
W.P. Labuan,Labuan,2018-05-01,2018,5,May,01,Food and non-alcoholic beverages,1.2,-0.8
W.P. Putrajaya,Putrajaya,2018-05-01,2018,5,May,01,Food and non-alcoholic beverages,1.8,0.1
Johor,Johor,2018-06-01,2018,6,June,01,Food and non-alcoholic beverages,0.6,-0.8
Kedah,Kedah,2018-06-01,2018,6,June,01,Food and non-alcoholic beverages,-0.1,-0.5
Kelantan,Kelantan,2018-06-01,2018,6,June,01,Food and non-alcoholic beverages,0.4,-0.3
Melaka,Melaka,2018-06-01,2018,6,June,01,Food and non-alcoholic beverages,-0.2,-1.4
Negeri Sembilan,Negeri Sembilan,2018-06-01,2018,6,June,01,Food and non-alcoholic beverages,0.4,-1.0
Pahang,Pahang,2018-06-01,2018,6,June,01,Food and non-alcoholic beverages,0.3,-1.0
Perak,Perak,2018-06-01,2018,6,June,01,Food and non-alcoholic beverages,0.4,-1.1
Perlis,Perlis,2018-06-01,2018,6,June,01,Food and non-alcoholic beverages,-1.3,-0.3
Pulau Pinang,Penang,2018-06-01,2018,6,June,01,Food and non-alcoholic beverages,0.4,-1.8
Sabah,Sabah,2018-06-01,2018,6,June,01,Food and non-alcoholic beverages,0.3,-0.8
Sarawak,Sarawak,2018-06-01,2018,6,June,01,Food and non-alcoholic beverages,0.8,-1.2
Selangor,Selangor,2018-06-01,2018,6,June,01,Food and non-alcoholic beverages,0.5,-1.3
Terengganu,Terengganu,2018-06-01,2018,6,June,01,Food and non-alcoholic beverages,0.9,-0.4
W.P. Kuala Lumpur,Kuala Lumpur,2018-06-01,2018,6,June,01,Food and non-alcoholic beverages,3.5,-0.9
W.P. Labuan,Labuan,2018-06-01,2018,6,June,01,Food and non-alcoholic beverages,0.8,-0.3
W.P. Putrajaya,Putrajaya,2018-06-01,2018,6,June,01,Food and non-alcoholic beverages,-1.1,-2.4
Johor,Johor,2018-07-01,2018,7,July,01,Food and non-alcoholic beverages,0.7,0.4
Kedah,Kedah,2018-07-01,2018,7,July,01,Food and non-alcoholic beverages,-0.2,-0.1
Kelantan,Kelantan,2018-07-01,2018,7,July,01,Food and non-alcoholic beverages,0.3,0.1
Melaka,Melaka,2018-07-01,2018,7,July,01,Food and non-alcoholic beverages,0.5,0.5
Negeri Sembilan,Negeri Sembilan,2018-07-01,2018,7,July,01,Food and non-alcoholic beverages,0.6,0.4
Pahang,Pahang,2018-07-01,2018,7,July,01,Food and non-alcoholic beverages,0.5,0.5
Perak,Perak,2018-07-01,2018,7,July,01,Food and non-alcoholic beverages,0.2,0.3
Perlis,Perlis,2018-07-01,2018,7,July,01,Food and non-alcoholic beverages,-0.7,0.0
Pulau Pinang,Penang,2018-07-01,2018,7,July,01,Food and non-alcoholic beverages,0.2,0.4
Sabah,Sabah,2018-07-01,2018,7,July,01,Food and non-alcoholic beverages,-0.3,-0.2
Sarawak,Sarawak,2018-07-01,2018,7,July,01,Food and non-alcoholic beverages,0.9,0.2
Selangor,Selangor,2018-07-01,2018,7,July,01,Food and non-alcoholic beverages,0.6,0.3
Terengganu,Terengganu,2018-07-01,2018,7,July,01,Food and non-alcoholic beverages,0.6,0.2
W.P. Kuala Lumpur,Kuala Lumpur,2018-07-01,2018,7,July,01,Food and non-alcoholic beverages,3.5,0.1
W.P. Labuan,Labuan,2018-07-01,2018,7,July,01,Food and non-alcoholic beverages,0.3,0.3
W.P. Putrajaya,Putrajaya,2018-07-01,2018,7,July,01,Food and non-alcoholic beverages,-1.3,-0.2
Johor,Johor,2018-08-01,2018,8,August,01,Food and non-alcoholic beverages,0.4,0.1
Kedah,Kedah,2018-08-01,2018,8,August,01,Food and non-alcoholic beverages,-0.5,0.2
Kelantan,Kelantan,2018-08-01,2018,8,August,01,Food and non-alcoholic beverages,-0.3,-0.1
Melaka,Melaka,2018-08-01,2018,8,August,01,Food and non-alcoholic beverages,0.0,-0.2
Negeri Sembilan,Negeri Sembilan,2018-08-01,2018,8,August,01,Food and non-alcoholic beverages,0.4,0.2
Pahang,Pahang,2018-08-01,2018,8,August,01,Food and non-alcoholic beverages,0.1,-0.1
Perak,Perak,2018-08-01,2018,8,August,01,Food and non-alcoholic beverages,-0.2,0.0
Perlis,Perlis,2018-08-01,2018,8,August,01,Food and non-alcoholic beverages,-1.2,0.3
Pulau Pinang,Penang,2018-08-01,2018,8,August,01,Food and non-alcoholic beverages,0.2,0.2
Sabah,Sabah,2018-08-01,2018,8,August,01,Food and non-alcoholic beverages,-0.3,0.3
Sarawak,Sarawak,2018-08-01,2018,8,August,01,Food and non-alcoholic beverages,0.7,0.1
Selangor,Selangor,2018-08-01,2018,8,August,01,Food and non-alcoholic beverages,0.3,-0.1
Terengganu,Terengganu,2018-08-01,2018,8,August,01,Food and non-alcoholic beverages,-0.2,-0.3
W.P. Kuala Lumpur,Kuala Lumpur,2018-08-01,2018,8,August,01,Food and non-alcoholic beverages,2.9,0.0
W.P. Labuan,Labuan,2018-08-01,2018,8,August,01,Food and non-alcoholic beverages,0.2,0.1
W.P. Putrajaya,Putrajaya,2018-08-01,2018,8,August,01,Food and non-alcoholic beverages,-0.9,0.3
Johor,Johor,2018-09-01,2018,9,September,01,Food and non-alcoholic beverages,0.4,-0.1
Kedah,Kedah,2018-09-01,2018,9,September,01,Food and non-alcoholic beverages,-0.8,-0.2
Kelantan,Kelantan,2018-09-01,2018,9,September,01,Food and non-alcoholic beverages,-0.1,-0.3
Melaka,Melaka,2018-09-01,2018,9,September,01,Food and non-alcoholic beverages,-0.3,0.1
Negeri Sembilan,Negeri Sembilan,2018-09-01,2018,9,September,01,Food and non-alcoholic beverages,0.7,0.4
Pahang,Pahang,2018-09-01,2018,9,September,01,Food and non-alcoholic beverages,0.0,-0.4
Perak,Perak,2018-09-01,2018,9,September,01,Food and non-alcoholic beverages,-0.2,0.2
Perlis,Perlis,2018-09-01,2018,9,September,01,Food and non-alcoholic beverages,-1.4,0.4
Pulau Pinang,Penang,2018-09-01,2018,9,September,01,Food and non-alcoholic beverages,0.4,0.4
Sabah,Sabah,2018-09-01,2018,9,September,01,Food and non-alcoholic beverages,-0.5,0.2
Sarawak,Sarawak,2018-09-01,2018,9,September,01,Food and non-alcoholic beverages,0.8,0.5
Selangor,Selangor,2018-09-01,2018,9,September,01,Food and non-alcoholic beverages,0.7,0.3
Terengganu,Terengganu,2018-09-01,2018,9,September,01,Food and non-alcoholic beverages,-0.2,-0.5
W.P. Kuala Lumpur,Kuala Lumpur,2018-09-01,2018,9,September,01,Food and non-alcoholic beverages,3.0,0.3
W.P. Labuan,Labuan,2018-09-01,2018,9,September,01,Food and non-alcoholic beverages,-0.2,-0.1
W.P. Putrajaya,Putrajaya,2018-09-01,2018,9,September,01,Food and non-alcoholic beverages,-0.7,0.7
Johor,Johor,2018-10-01,2018,10,October,01,Food and non-alcoholic beverages,1.0,0.3
Kedah,Kedah,2018-10-01,2018,10,October,01,Food and non-alcoholic beverages,0.1,0.5
Kelantan,Kelantan,2018-10-01,2018,10,October,01,Food and non-alcoholic beverages,0.1,-0.1
Melaka,Melaka,2018-10-01,2018,10,October,01,Food and non-alcoholic beverages,0.8,0.6
Negeri Sembilan,Negeri Sembilan,2018-10-01,2018,10,October,01,Food and non-alcoholic beverages,1.6,0.4
Pahang,Pahang,2018-10-01,2018,10,October,01,Food and non-alcoholic beverages,0.9,0.9
Perak,Perak,2018-10-01,2018,10,October,01,Food and non-alcoholic beverages,0.3,0.3
Perlis,Perlis,2018-10-01,2018,10,October,01,Food and non-alcoholic beverages,0.3,0.1
Pulau Pinang,Penang,2018-10-01,2018,10,October,01,Food and non-alcoholic beverages,1.2,0.4
Sabah,Sabah,2018-10-01,2018,10,October,01,Food and non-alcoholic beverages,0.4,0.0
Sarawak,Sarawak,2018-10-01,2018,10,October,01,Food and non-alcoholic beverages,1.0,0.2
Selangor,Selangor,2018-10-01,2018,10,October,01,Food and non-alcoholic beverages,1.5,0.7
Terengganu,Terengganu,2018-10-01,2018,10,October,01,Food and non-alcoholic beverages,0.1,0.2
W.P. Kuala Lumpur,Kuala Lumpur,2018-10-01,2018,10,October,01,Food and non-alcoholic beverages,4.5,1.4
W.P. Labuan,Labuan,2018-10-01,2018,10,October,01,Food and non-alcoholic beverages,0.7,0.6
W.P. Putrajaya,Putrajaya,2018-10-01,2018,10,October,01,Food and non-alcoholic beverages,-0.1,0.5
Johor,Johor,2018-11-01,2018,11,November,01,Food and non-alcoholic beverages,1.0,0.4
Kedah,Kedah,2018-11-01,2018,11,November,01,Food and non-alcoholic beverages,-0.6,-0.4
Kelantan,Kelantan,2018-11-01,2018,11,November,01,Food and non-alcoholic beverages,0.4,0.5
Melaka,Melaka,2018-11-01,2018,11,November,01,Food and non-alcoholic beverages,0.7,0.3
Negeri Sembilan,Negeri Sembilan,2018-11-01,2018,11,November,01,Food and non-alcoholic beverages,1.5,0.3
Pahang,Pahang,2018-11-01,2018,11,November,01,Food and non-alcoholic beverages,0.7,-0.1
Perak,Perak,2018-11-01,2018,11,November,01,Food and non-alcoholic beverages,0.1,0.1
Perlis,Perlis,2018-11-01,2018,11,November,01,Food and non-alcoholic beverages,0.3,0.0
Pulau Pinang,Penang,2018-11-01,2018,11,November,01,Food and non-alcoholic beverages,1.3,0.3
Sabah,Sabah,2018-11-01,2018,11,November,01,Food and non-alcoholic beverages,0.0,0.2
Sarawak,Sarawak,2018-11-01,2018,11,November,01,Food and non-alcoholic beverages,0.9,0.2
Selangor,Selangor,2018-11-01,2018,11,November,01,Food and non-alcoholic beverages,1.1,0.1
Terengganu,Terengganu,2018-11-01,2018,11,November,01,Food and non-alcoholic beverages,0.5,0.9
W.P. Kuala Lumpur,Kuala Lumpur,2018-11-01,2018,11,November,01,Food and non-alcoholic beverages,4.8,0.5
W.P. Labuan,Labuan,2018-11-01,2018,11,November,01,Food and non-alcoholic beverages,0.7,0.1
W.P. Putrajaya,Putrajaya,2018-11-01,2018,11,November,01,Food and non-alcoholic beverages,1.2,1.2
Johor,Johor,2018-12-01,2018,12,December,01,Food and non-alcoholic beverages,0.4,0.2
Kedah,Kedah,2018-12-01,2018,12,December,01,Food and non-alcoholic beverages,-0.5,0.6
Kelantan,Kelantan,2018-12-01,2018,12,December,01,Food and non-alcoholic beverages,0.5,0.8
Melaka,Melaka,2018-12-01,2018,12,December,01,Food and non-alcoholic beverages,0.1,0.6
Negeri Sembilan,Negeri Sembilan,2018-12-01,2018,12,December,01,Food and non-alcoholic beverages,0.8,0.2
Pahang,Pahang,2018-12-01,2018,12,December,01,Food and non-alcoholic beverages,0.5,0.8
Perak,Perak,2018-12-01,2018,12,December,01,Food and non-alcoholic beverages,-0.2,0.4
Perlis,Perlis,2018-12-01,2018,12,December,01,Food and non-alcoholic beverages,0.3,0.9
Pulau Pinang,Penang,2018-12-01,2018,12,December,01,Food and non-alcoholic beverages,1.0,0.4
Sabah,Sabah,2018-12-01,2018,12,December,01,Food and non-alcoholic beverages,-0.4,0.1
Sarawak,Sarawak,2018-12-01,2018,12,December,01,Food and non-alcoholic beverages,0.6,0.1
Selangor,Selangor,2018-12-01,2018,12,December,01,Food and non-alcoholic beverages,0.7,0.4
Terengganu,Terengganu,2018-12-01,2018,12,December,01,Food and non-alcoholic beverages,0.0,0.5
W.P. Kuala Lumpur,Kuala Lumpur,2018-12-01,2018,12,December,01,Food and non-alcoholic beverages,3.9,0.1
W.P. Labuan,Labuan,2018-12-01,2018,12,December,01,Food and non-alcoholic beverages,0.5,0.2
W.P. Putrajaya,Putrajaya,2018-12-01,2018,12,December,01,Food and non-alcoholic beverages,0.7,0.7
Johor,Johor,2019-01-01,2019,1,January,01,Food and non-alcoholic beverages,1.1,1.4
Kedah,Kedah,2019-01-01,2019,1,January,01,Food and non-alcoholic beverages,7.0,0.9
Kelantan,Kelantan,2019-01-01,2019,1,January,01,Food and non-alcoholic beverages,0.8,1.0
Melaka,Melaka,2019-01-01,2019,1,January,01,Food and non-alcoholic beverages,0.4,0.9
Negeri Sembilan,Negeri Sembilan,2019-01-01,2019,1,January,01,Food and non-alcoholic beverages,1.0,0.8
Pahang,Pahang,2019-01-01,2019,1,January,01,Food and non-alcoholic beverages,0.5,0.5
Perak,Perak,2019-01-01,2019,1,January,01,Food and non-alcoholic beverages,0.5,1.0
Perlis,Perlis,2019-01-01,2019,1,January,01,Food and non-alcoholic beverages,1.5,1.0
Pulau Pinang,Penang,2019-01-01,2019,1,January,01,Food and non-alcoholic beverages,1.0,0.7
Sabah,Sabah,2019-01-01,2019,1,January,01,Food and non-alcoholic beverages,-0.6,0.7
Sarawak,Sarawak,2019-01-01,2019,1,January,01,Food and non-alcoholic beverages,0.6,0.3
Selangor,Selangor,2019-01-01,2019,1,January,01,Food and non-alcoholic beverages,1.0,0.9
Terengganu,Terengganu,2019-01-01,2019,1,January,01,Food and non-alcoholic beverages,0.3,1.0
W.P. Kuala Lumpur,Kuala Lumpur,2019-01-01,2019,1,January,01,Food and non-alcoholic beverages,3.7,1.0
W.P. Labuan,Labuan,2019-01-01,2019,1,January,01,Food and non-alcoholic beverages,0.8,0.6
W.P. Putrajaya,Putrajaya,2019-01-01,2019,1,January,01,Food and non-alcoholic beverages,2.7,2.3
Johor,Johor,2019-02-01,2019,2,February,01,Food and non-alcoholic beverages,0.8,0.1
Kedah,Kedah,2019-02-01,2019,2,February,01,Food and non-alcoholic beverages,7.1,0.2
Kelantan,Kelantan,2019-02-01,2019,2,February,01,Food and non-alcoholic beverages,0.5,-0.4
Melaka,Melaka,2019-02-01,2019,2,February,01,Food and non-alcoholic beverages,0.4,0.0
Negeri Sembilan,Negeri Sembilan,2019-02-01,2019,2,February,01,Food and non-alcoholic beverages,0.8,0.2
Pahang,Pahang,2019-02-01,2019,2,February,01,Food and non-alcoholic beverages,0.8,0.0
Perak,Perak,2019-02-01,2019,2,February,01,Food and non-alcoholic beverages,0.6,0.3
Perlis,Perlis,2019-02-01,2019,2,February,01,Food and non-alcoholic beverages,1.6,0.1
Pulau Pinang,Penang,2019-02-01,2019,2,February,01,Food and non-alcoholic beverages,1.0,0.3
Sabah,Sabah,2019-02-01,2019,2,February,01,Food and non-alcoholic beverages,-0.5,0.0
Sarawak,Sarawak,2019-02-01,2019,2,February,01,Food and non-alcoholic beverages,0.6,0.2
Selangor,Selangor,2019-02-01,2019,2,February,01,Food and non-alcoholic beverages,1.2,0.2
Terengganu,Terengganu,2019-02-01,2019,2,February,01,Food and non-alcoholic beverages,0.2,-0.1
W.P. Kuala Lumpur,Kuala Lumpur,2019-02-01,2019,2,February,01,Food and non-alcoholic beverages,3.7,0.3
W.P. Labuan,Labuan,2019-02-01,2019,2,February,01,Food and non-alcoholic beverages,1.2,0.3
W.P. Putrajaya,Putrajaya,2019-02-01,2019,2,February,01,Food and non-alcoholic beverages,2.5,0.0
Johor,Johor,2019-03-01,2019,3,March,01,Food and non-alcoholic beverages,0.9,-0.7
Kedah,Kedah,2019-03-01,2019,3,March,01,Food and non-alcoholic beverages,7.4,-0.2
Kelantan,Kelantan,2019-03-01,2019,3,March,01,Food and non-alcoholic beverages,0.1,-1.1
Melaka,Melaka,2019-03-01,2019,3,March,01,Food and non-alcoholic beverages,0.7,-0.5
Negeri Sembilan,Negeri Sembilan,2019-03-01,2019,3,March,01,Food and non-alcoholic beverages,1.1,-0.5
Pahang,Pahang,2019-03-01,2019,3,March,01,Food and non-alcoholic beverages,0.6,-0.6
Perak,Perak,2019-03-01,2019,3,March,01,Food and non-alcoholic beverages,0.8,-0.4
Perlis,Perlis,2019-03-01,2019,3,March,01,Food and non-alcoholic beverages,1.7,-0.7
Pulau Pinang,Penang,2019-03-01,2019,3,March,01,Food and non-alcoholic beverages,1.0,-0.3
Sabah,Sabah,2019-03-01,2019,3,March,01,Food and non-alcoholic beverages,-0.6,0.0
Sarawak,Sarawak,2019-03-01,2019,3,March,01,Food and non-alcoholic beverages,0.6,0.2
Selangor,Selangor,2019-03-01,2019,3,March,01,Food and non-alcoholic beverages,1.3,-0.4
Terengganu,Terengganu,2019-03-01,2019,3,March,01,Food and non-alcoholic beverages,0.0,-1.2
W.P. Kuala Lumpur,Kuala Lumpur,2019-03-01,2019,3,March,01,Food and non-alcoholic beverages,4.2,-0.1
W.P. Labuan,Labuan,2019-03-01,2019,3,March,01,Food and non-alcoholic beverages,0.8,-0.2
W.P. Putrajaya,Putrajaya,2019-03-01,2019,3,March,01,Food and non-alcoholic beverages,2.7,-0.3
Johor,Johor,2019-04-01,2019,4,April,01,Food and non-alcoholic beverages,1.2,-0.2
Kedah,Kedah,2019-04-01,2019,4,April,01,Food and non-alcoholic beverages,0.2,-0.4
Kelantan,Kelantan,2019-04-01,2019,4,April,01,Food and non-alcoholic beverages,0.3,-0.2
Melaka,Melaka,2019-04-01,2019,4,April,01,Food and non-alcoholic beverages,0.5,-0.4
Negeri Sembilan,Negeri Sembilan,2019-04-01,2019,4,April,01,Food and non-alcoholic beverages,1.2,-0.1
Pahang,Pahang,2019-04-01,2019,4,April,01,Food and non-alcoholic beverages,0.5,-0.3
Perak,Perak,2019-04-01,2019,4,April,01,Food and non-alcoholic beverages,0.8,-0.3
Perlis,Perlis,2019-04-01,2019,4,April,01,Food and non-alcoholic beverages,1.1,-0.5
Pulau Pinang,Penang,2019-04-01,2019,4,April,01,Food and non-alcoholic beverages,1.0,-0.1
Sabah,Sabah,2019-04-01,2019,4,April,01,Food and non-alcoholic beverages,-0.2,-0.2
Sarawak,Sarawak,2019-04-01,2019,4,April,01,Food and non-alcoholic beverages,0.7,0.0
Selangor,Selangor,2019-04-01,2019,4,April,01,Food and non-alcoholic beverages,1.3,-0.3
Terengganu,Terengganu,2019-04-01,2019,4,April,01,Food and non-alcoholic beverages,0.4,-0.3
W.P. Kuala Lumpur,Kuala Lumpur,2019-04-01,2019,4,April,01,Food and non-alcoholic beverages,3.6,0.0
W.P. Labuan,Labuan,2019-04-01,2019,4,April,01,Food and non-alcoholic beverages,0.5,-0.2
W.P. Putrajaya,Putrajaya,2019-04-01,2019,4,April,01,Food and non-alcoholic beverages,2.4,-0.5
Johor,Johor,2019-05-01,2019,5,May,01,Food and non-alcoholic beverages,1.8,0.7
Kedah,Kedah,2019-05-01,2019,5,May,01,Food and non-alcoholic beverages,0.5,0.2
Kelantan,Kelantan,2019-05-01,2019,5,May,01,Food and non-alcoholic beverages,1.2,1.2
Melaka,Melaka,2019-05-01,2019,5,May,01,Food and non-alcoholic beverages,0.8,0.4
Negeri Sembilan,Negeri Sembilan,2019-05-01,2019,5,May,01,Food and non-alcoholic beverages,1.4,0.2
Pahang,Pahang,2019-05-01,2019,5,May,01,Food and non-alcoholic beverages,0.6,0.5
Perak,Perak,2019-05-01,2019,5,May,01,Food and non-alcoholic beverages,1.0,0.2
Perlis,Perlis,2019-05-01,2019,5,May,01,Food and non-alcoholic beverages,1.8,0.4
Pulau Pinang,Penang,2019-05-01,2019,5,May,01,Food and non-alcoholic beverages,1.0,-0.1
Sabah,Sabah,2019-05-01,2019,5,May,01,Food and non-alcoholic beverages,0.0,-0.2
Sarawak,Sarawak,2019-05-01,2019,5,May,01,Food and non-alcoholic beverages,0.8,0.1
Selangor,Selangor,2019-05-01,2019,5,May,01,Food and non-alcoholic beverages,1.1,0.2
Terengganu,Terengganu,2019-05-01,2019,5,May,01,Food and non-alcoholic beverages,1.0,1.0
W.P. Kuala Lumpur,Kuala Lumpur,2019-05-01,2019,5,May,01,Food and non-alcoholic beverages,2.8,0.1
W.P. Labuan,Labuan,2019-05-01,2019,5,May,01,Food and non-alcoholic beverages,1.3,0.0
W.P. Putrajaya,Putrajaya,2019-05-01,2019,5,May,01,Food and non-alcoholic beverages,2.7,0.4
Johor,Johor,2019-06-01,2019,6,June,01,Food and non-alcoholic beverages,2.7,0.1
Kedah,Kedah,2019-06-01,2019,6,June,01,Food and non-alcoholic beverages,1.3,0.2
Kelantan,Kelantan,2019-06-01,2019,6,June,01,Food and non-alcoholic beverages,1.7,0.2
Melaka,Melaka,2019-06-01,2019,6,June,01,Food and non-alcoholic beverages,2.2,-0.1
Negeri Sembilan,Negeri Sembilan,2019-06-01,2019,6,June,01,Food and non-alcoholic beverages,2.3,-0.1
Pahang,Pahang,2019-06-01,2019,6,June,01,Food and non-alcoholic beverages,1.2,-0.4
Perak,Perak,2019-06-01,2019,6,June,01,Food and non-alcoholic beverages,2.2,0.0
Perlis,Perlis,2019-06-01,2019,6,June,01,Food and non-alcoholic beverages,2.0,0.0
Pulau Pinang,Penang,2019-06-01,2019,6,June,01,Food and non-alcoholic beverages,2.8,0.0
Sabah,Sabah,2019-06-01,2019,6,June,01,Food and non-alcoholic beverages,0.9,0.1
Sarawak,Sarawak,2019-06-01,2019,6,June,01,Food and non-alcoholic beverages,1.9,-0.1
Selangor,Selangor,2019-06-01,2019,6,June,01,Food and non-alcoholic beverages,2.5,0.1
Terengganu,Terengganu,2019-06-01,2019,6,June,01,Food and non-alcoholic beverages,1.9,0.6
W.P. Kuala Lumpur,Kuala Lumpur,2019-06-01,2019,6,June,01,Food and non-alcoholic beverages,4.0,0.3
W.P. Labuan,Labuan,2019-06-01,2019,6,June,01,Food and non-alcoholic beverages,1.9,0.2
W.P. Putrajaya,Putrajaya,2019-06-01,2019,6,June,01,Food and non-alcoholic beverages,5.0,-0.1
Johor,Johor,2019-07-01,2019,7,July,01,Food and non-alcoholic beverages,2.7,0.4
Kedah,Kedah,2019-07-01,2019,7,July,01,Food and non-alcoholic beverages,1.4,0.1
Kelantan,Kelantan,2019-07-01,2019,7,July,01,Food and non-alcoholic beverages,1.4,-0.2
Melaka,Melaka,2019-07-01,2019,7,July,01,Food and non-alcoholic beverages,2.2,0.4
Negeri Sembilan,Negeri Sembilan,2019-07-01,2019,7,July,01,Food and non-alcoholic beverages,2.3,0.4
Pahang,Pahang,2019-07-01,2019,7,July,01,Food and non-alcoholic beverages,1.4,0.6
Perak,Perak,2019-07-01,2019,7,July,01,Food and non-alcoholic beverages,2.3,0.5
Perlis,Perlis,2019-07-01,2019,7,July,01,Food and non-alcoholic beverages,2.1,0.1
Pulau Pinang,Penang,2019-07-01,2019,7,July,01,Food and non-alcoholic beverages,3.0,0.6
Sabah,Sabah,2019-07-01,2019,7,July,01,Food and non-alcoholic beverages,1.1,0.0
Sarawak,Sarawak,2019-07-01,2019,7,July,01,Food and non-alcoholic beverages,1.7,0.0
Selangor,Selangor,2019-07-01,2019,7,July,01,Food and non-alcoholic beverages,2.6,0.4
Terengganu,Terengganu,2019-07-01,2019,7,July,01,Food and non-alcoholic beverages,1.6,-0.2
W.P. Kuala Lumpur,Kuala Lumpur,2019-07-01,2019,7,July,01,Food and non-alcoholic beverages,4.4,0.4
W.P. Labuan,Labuan,2019-07-01,2019,7,July,01,Food and non-alcoholic beverages,1.7,0.2
W.P. Putrajaya,Putrajaya,2019-07-01,2019,7,July,01,Food and non-alcoholic beverages,5.9,0.7
Johor,Johor,2019-08-01,2019,8,August,01,Food and non-alcoholic beverages,2.4,-0.1
Kedah,Kedah,2019-08-01,2019,8,August,01,Food and non-alcoholic beverages,1.7,0.5
Kelantan,Kelantan,2019-08-01,2019,8,August,01,Food and non-alcoholic beverages,1.9,0.4
Melaka,Melaka,2019-08-01,2019,8,August,01,Food and non-alcoholic beverages,2.6,0.2
Negeri Sembilan,Negeri Sembilan,2019-08-01,2019,8,August,01,Food and non-alcoholic beverages,2.4,0.2
Pahang,Pahang,2019-08-01,2019,8,August,01,Food and non-alcoholic beverages,1.8,0.3
Perak,Perak,2019-08-01,2019,8,August,01,Food and non-alcoholic beverages,2.7,0.3
Perlis,Perlis,2019-08-01,2019,8,August,01,Food and non-alcoholic beverages,2.3,0.6
Pulau Pinang,Penang,2019-08-01,2019,8,August,01,Food and non-alcoholic beverages,3.1,0.4
Sabah,Sabah,2019-08-01,2019,8,August,01,Food and non-alcoholic beverages,1.0,0.2
Sarawak,Sarawak,2019-08-01,2019,8,August,01,Food and non-alcoholic beverages,1.6,0.0
Selangor,Selangor,2019-08-01,2019,8,August,01,Food and non-alcoholic beverages,2.9,0.2
Terengganu,Terengganu,2019-08-01,2019,8,August,01,Food and non-alcoholic beverages,2.1,0.2
W.P. Kuala Lumpur,Kuala Lumpur,2019-08-01,2019,8,August,01,Food and non-alcoholic beverages,4.7,0.3
W.P. Labuan,Labuan,2019-08-01,2019,8,August,01,Food and non-alcoholic beverages,1.7,0.0
W.P. Putrajaya,Putrajaya,2019-08-01,2019,8,August,01,Food and non-alcoholic beverages,5.7,0.1
Johor,Johor,2019-09-01,2019,9,September,01,Food and non-alcoholic beverages,2.6,0.0
Kedah,Kedah,2019-09-01,2019,9,September,01,Food and non-alcoholic beverages,1.8,-0.2
Kelantan,Kelantan,2019-09-01,2019,9,September,01,Food and non-alcoholic beverages,1.5,-0.7
Melaka,Melaka,2019-09-01,2019,9,September,01,Food and non-alcoholic beverages,2.3,-0.2
Negeri Sembilan,Negeri Sembilan,2019-09-01,2019,9,September,01,Food and non-alcoholic beverages,1.9,-0.1
Pahang,Pahang,2019-09-01,2019,9,September,01,Food and non-alcoholic beverages,1.9,-0.3
Perak,Perak,2019-09-01,2019,9,September,01,Food and non-alcoholic beverages,2.3,-0.2
Perlis,Perlis,2019-09-01,2019,9,September,01,Food and non-alcoholic beverages,1.5,-0.4
Pulau Pinang,Penang,2019-09-01,2019,9,September,01,Food and non-alcoholic beverages,2.6,-0.1
Sabah,Sabah,2019-09-01,2019,9,September,01,Food and non-alcoholic beverages,0.8,0.0
Sarawak,Sarawak,2019-09-01,2019,9,September,01,Food and non-alcoholic beverages,1.2,0.1
Selangor,Selangor,2019-09-01,2019,9,September,01,Food and non-alcoholic beverages,2.4,-0.1
Terengganu,Terengganu,2019-09-01,2019,9,September,01,Food and non-alcoholic beverages,2.3,-0.3
W.P. Kuala Lumpur,Kuala Lumpur,2019-09-01,2019,9,September,01,Food and non-alcoholic beverages,3.9,-0.4
W.P. Labuan,Labuan,2019-09-01,2019,9,September,01,Food and non-alcoholic beverages,1.7,-0.1
W.P. Putrajaya,Putrajaya,2019-09-01,2019,9,September,01,Food and non-alcoholic beverages,4.9,-0.1
Johor,Johor,2019-10-01,2019,10,October,01,Food and non-alcoholic beverages,2.5,0.2
Kedah,Kedah,2019-10-01,2019,10,October,01,Food and non-alcoholic beverages,1.3,0.0
Kelantan,Kelantan,2019-10-01,2019,10,October,01,Food and non-alcoholic beverages,1.4,-0.2
Melaka,Melaka,2019-10-01,2019,10,October,01,Food and non-alcoholic beverages,1.6,-0.1
Negeri Sembilan,Negeri Sembilan,2019-10-01,2019,10,October,01,Food and non-alcoholic beverages,1.5,-0.1
Pahang,Pahang,2019-10-01,2019,10,October,01,Food and non-alcoholic beverages,0.8,-0.2
Perak,Perak,2019-10-01,2019,10,October,01,Food and non-alcoholic beverages,1.8,-0.2
Perlis,Perlis,2019-10-01,2019,10,October,01,Food and non-alcoholic beverages,1.2,-0.2
Pulau Pinang,Penang,2019-10-01,2019,10,October,01,Food and non-alcoholic beverages,2.1,-0.1
Sabah,Sabah,2019-10-01,2019,10,October,01,Food and non-alcoholic beverages,0.9,0.1
Sarawak,Sarawak,2019-10-01,2019,10,October,01,Food and non-alcoholic beverages,1.0,0.0
Selangor,Selangor,2019-10-01,2019,10,October,01,Food and non-alcoholic beverages,1.9,0.3
Terengganu,Terengganu,2019-10-01,2019,10,October,01,Food and non-alcoholic beverages,1.9,-0.1
W.P. Kuala Lumpur,Kuala Lumpur,2019-10-01,2019,10,October,01,Food and non-alcoholic beverages,2.4,-0.1
W.P. Labuan,Labuan,2019-10-01,2019,10,October,01,Food and non-alcoholic beverages,1.0,-0.1
W.P. Putrajaya,Putrajaya,2019-10-01,2019,10,October,01,Food and non-alcoholic beverages,4.7,0.2
Johor,Johor,2019-11-01,2019,11,November,01,Food and non-alcoholic beverages,1.8,-0.3
Kedah,Kedah,2019-11-01,2019,11,November,01,Food and non-alcoholic beverages,1.7,-0.1
Kelantan,Kelantan,2019-11-01,2019,11,November,01,Food and non-alcoholic beverages,0.7,-0.2
Melaka,Melaka,2019-11-01,2019,11,November,01,Food and non-alcoholic beverages,1.1,-0.1
Negeri Sembilan,Negeri Sembilan,2019-11-01,2019,11,November,01,Food and non-alcoholic beverages,1.1,0.0
Pahang,Pahang,2019-11-01,2019,11,November,01,Food and non-alcoholic beverages,0.8,-0.1
Perak,Perak,2019-11-01,2019,11,November,01,Food and non-alcoholic beverages,1.8,0.1
Perlis,Perlis,2019-11-01,2019,11,November,01,Food and non-alcoholic beverages,1.1,-0.2
Pulau Pinang,Penang,2019-11-01,2019,11,November,01,Food and non-alcoholic beverages,1.9,0.1
Sabah,Sabah,2019-11-01,2019,11,November,01,Food and non-alcoholic beverages,1.2,0.5
Sarawak,Sarawak,2019-11-01,2019,11,November,01,Food and non-alcoholic beverages,0.9,0.1
Selangor,Selangor,2019-11-01,2019,11,November,01,Food and non-alcoholic beverages,2.0,0.2
Terengganu,Terengganu,2019-11-01,2019,11,November,01,Food and non-alcoholic beverages,0.9,-0.2
W.P. Kuala Lumpur,Kuala Lumpur,2019-11-01,2019,11,November,01,Food and non-alcoholic beverages,1.9,0.1
W.P. Labuan,Labuan,2019-11-01,2019,11,November,01,Food and non-alcoholic beverages,0.7,-0.2
W.P. Putrajaya,Putrajaya,2019-11-01,2019,11,November,01,Food and non-alcoholic beverages,3.7,0.3
Johor,Johor,2019-12-01,2019,12,December,01,Food and non-alcoholic beverages,2.5,0.9
Kedah,Kedah,2019-12-01,2019,12,December,01,Food and non-alcoholic beverages,1.3,0.2
Kelantan,Kelantan,2019-12-01,2019,12,December,01,Food and non-alcoholic beverages,0.7,0.8
Melaka,Melaka,2019-12-01,2019,12,December,01,Food and non-alcoholic beverages,0.7,0.2
Negeri Sembilan,Negeri Sembilan,2019-12-01,2019,12,December,01,Food and non-alcoholic beverages,1.0,0.1
Pahang,Pahang,2019-12-01,2019,12,December,01,Food and non-alcoholic beverages,0.5,0.5
Perak,Perak,2019-12-01,2019,12,December,01,Food and non-alcoholic beverages,1.6,0.2
Perlis,Perlis,2019-12-01,2019,12,December,01,Food and non-alcoholic beverages,1.1,0.9
Pulau Pinang,Penang,2019-12-01,2019,12,December,01,Food and non-alcoholic beverages,1.6,0.1
Sabah,Sabah,2019-12-01,2019,12,December,01,Food and non-alcoholic beverages,1.3,0.2
Sarawak,Sarawak,2019-12-01,2019,12,December,01,Food and non-alcoholic beverages,0.9,0.1
Selangor,Selangor,2019-12-01,2019,12,December,01,Food and non-alcoholic beverages,2.1,0.4
Terengganu,Terengganu,2019-12-01,2019,12,December,01,Food and non-alcoholic beverages,1.3,0.9
W.P. Kuala Lumpur,Kuala Lumpur,2019-12-01,2019,12,December,01,Food and non-alcoholic beverages,2.1,0.2
W.P. Labuan,Labuan,2019-12-01,2019,12,December,01,Food and non-alcoholic beverages,0.8,0.2
W.P. Putrajaya,Putrajaya,2019-12-01,2019,12,December,01,Food and non-alcoholic beverages,3.1,0.1
Johor,Johor,2020-01-01,2020,1,January,01,Food and non-alcoholic beverages,1.3,0.2
Kedah,Kedah,2020-01-01,2020,1,January,01,Food and non-alcoholic beverages,0.5,0.1
Kelantan,Kelantan,2020-01-01,2020,1,January,01,Food and non-alcoholic beverages,-0.1,0.2
Melaka,Melaka,2020-01-01,2020,1,January,01,Food and non-alcoholic beverages,0.0,0.1
Negeri Sembilan,Negeri Sembilan,2020-01-01,2020,1,January,01,Food and non-alcoholic beverages,0.7,0.5
Pahang,Pahang,2020-01-01,2020,1,January,01,Food and non-alcoholic beverages,0.2,0.2
Perak,Perak,2020-01-01,2020,1,January,01,Food and non-alcoholic beverages,1.0,0.5
Perlis,Perlis,2020-01-01,2020,1,January,01,Food and non-alcoholic beverages,0.1,0.0
Pulau Pinang,Penang,2020-01-01,2020,1,January,01,Food and non-alcoholic beverages,1.1,0.2
Sabah,Sabah,2020-01-01,2020,1,January,01,Food and non-alcoholic beverages,0.9,0.2
Sarawak,Sarawak,2020-01-01,2020,1,January,01,Food and non-alcoholic beverages,0.9,0.3
Selangor,Selangor,2020-01-01,2020,1,January,01,Food and non-alcoholic beverages,1.3,0.1
Terengganu,Terengganu,2020-01-01,2020,1,January,01,Food and non-alcoholic beverages,0.5,0.2
W.P. Kuala Lumpur,Kuala Lumpur,2020-01-01,2020,1,January,01,Food and non-alcoholic beverages,1.0,-0.1
W.P. Labuan,Labuan,2020-01-01,2020,1,January,01,Food and non-alcoholic beverages,0.4,0.2
W.P. Putrajaya,Putrajaya,2020-01-01,2020,1,January,01,Food and non-alcoholic beverages,1.5,0.7
Johor,Johor,2020-02-01,2020,2,February,01,Food and non-alcoholic beverages,1.3,0.1
Kedah,Kedah,2020-02-01,2020,2,February,01,Food and non-alcoholic beverages,0.3,0.0
Kelantan,Kelantan,2020-02-01,2020,2,February,01,Food and non-alcoholic beverages,0.2,-0.2
Melaka,Melaka,2020-02-01,2020,2,February,01,Food and non-alcoholic beverages,-0.1,-0.1
Negeri Sembilan,Negeri Sembilan,2020-02-01,2020,2,February,01,Food and non-alcoholic beverages,0.7,0.1
Pahang,Pahang,2020-02-01,2020,2,February,01,Food and non-alcoholic beverages,0.5,0.3
Perak,Perak,2020-02-01,2020,2,February,01,Food and non-alcoholic beverages,0.9,0.2
Perlis,Perlis,2020-02-01,2020,2,February,01,Food and non-alcoholic beverages,-0.2,-0.2
Pulau Pinang,Penang,2020-02-01,2020,2,February,01,Food and non-alcoholic beverages,1.0,0.2
Sabah,Sabah,2020-02-01,2020,2,February,01,Food and non-alcoholic beverages,0.7,-0.2
Sarawak,Sarawak,2020-02-01,2020,2,February,01,Food and non-alcoholic beverages,0.8,0.1
Selangor,Selangor,2020-02-01,2020,2,February,01,Food and non-alcoholic beverages,1.3,0.2
Terengganu,Terengganu,2020-02-01,2020,2,February,01,Food and non-alcoholic beverages,0.5,-0.1
W.P. Kuala Lumpur,Kuala Lumpur,2020-02-01,2020,2,February,01,Food and non-alcoholic beverages,0.6,-0.1
W.P. Labuan,Labuan,2020-02-01,2020,2,February,01,Food and non-alcoholic beverages,0.2,0.2
W.P. Putrajaya,Putrajaya,2020-02-01,2020,2,February,01,Food and non-alcoholic beverages,1.4,-0.1
Johor,Johor,2020-03-01,2020,3,March,01,Food and non-alcoholic beverages,1.8,-0.2
Kedah,Kedah,2020-03-01,2020,3,March,01,Food and non-alcoholic beverages,0.5,0.0
Kelantan,Kelantan,2020-03-01,2020,3,March,01,Food and non-alcoholic beverages,1.2,-0.1
Melaka,Melaka,2020-03-01,2020,3,March,01,Food and non-alcoholic beverages,0.4,0.1
Negeri Sembilan,Negeri Sembilan,2020-03-01,2020,3,March,01,Food and non-alcoholic beverages,0.8,-0.3
Pahang,Pahang,2020-03-01,2020,3,March,01,Food and non-alcoholic beverages,0.9,-0.2
Perak,Perak,2020-03-01,2020,3,March,01,Food and non-alcoholic beverages,1.0,-0.2
Perlis,Perlis,2020-03-01,2020,3,March,01,Food and non-alcoholic beverages,-0.1,-0.6
Pulau Pinang,Penang,2020-03-01,2020,3,March,01,Food and non-alcoholic beverages,1.2,-0.1
Sabah,Sabah,2020-03-01,2020,3,March,01,Food and non-alcoholic beverages,0.3,-0.4
Sarawak,Sarawak,2020-03-01,2020,3,March,01,Food and non-alcoholic beverages,0.6,0.0
Selangor,Selangor,2020-03-01,2020,3,March,01,Food and non-alcoholic beverages,1.8,0.0
Terengganu,Terengganu,2020-03-01,2020,3,March,01,Food and non-alcoholic beverages,1.6,-0.1
W.P. Kuala Lumpur,Kuala Lumpur,2020-03-01,2020,3,March,01,Food and non-alcoholic beverages,0.7,-0.1
W.P. Labuan,Labuan,2020-03-01,2020,3,March,01,Food and non-alcoholic beverages,0.3,-0.2
W.P. Putrajaya,Putrajaya,2020-03-01,2020,3,March,01,Food and non-alcoholic beverages,2.9,1.1
Johor,Johor,2020-04-01,2020,4,April,01,Food and non-alcoholic beverages,1.7,-0.3
Kedah,Kedah,2020-04-01,2020,4,April,01,Food and non-alcoholic beverages,0.5,-0.5
Kelantan,Kelantan,2020-04-01,2020,4,April,01,Food and non-alcoholic beverages,1.1,-0.3
Melaka,Melaka,2020-04-01,2020,4,April,01,Food and non-alcoholic beverages,1.0,0.1
Negeri Sembilan,Negeri Sembilan,2020-04-01,2020,4,April,01,Food and non-alcoholic beverages,1.1,0.2
Pahang,Pahang,2020-04-01,2020,4,April,01,Food and non-alcoholic beverages,1.1,-0.2
Perak,Perak,2020-04-01,2020,4,April,01,Food and non-alcoholic beverages,1.8,0.5
Perlis,Perlis,2020-04-01,2020,4,April,01,Food and non-alcoholic beverages,0.7,0.3
Pulau Pinang,Penang,2020-04-01,2020,4,April,01,Food and non-alcoholic beverages,1.5,0.2
Sabah,Sabah,2020-04-01,2020,4,April,01,Food and non-alcoholic beverages,0.0,-0.6
Sarawak,Sarawak,2020-04-01,2020,4,April,01,Food and non-alcoholic beverages,0.5,-0.2
Selangor,Selangor,2020-04-01,2020,4,April,01,Food and non-alcoholic beverages,1.8,-0.3
Terengganu,Terengganu,2020-04-01,2020,4,April,01,Food and non-alcoholic beverages,1.8,-0.1
W.P. Kuala Lumpur,Kuala Lumpur,2020-04-01,2020,4,April,01,Food and non-alcoholic beverages,0.7,0.0
W.P. Labuan,Labuan,2020-04-01,2020,4,April,01,Food and non-alcoholic beverages,0.7,0.2
W.P. Putrajaya,Putrajaya,2020-04-01,2020,4,April,01,Food and non-alcoholic beverages,3.0,-0.4
Johor,Johor,2020-05-01,2020,5,May,01,Food and non-alcoholic beverages,1.3,0.3
Kedah,Kedah,2020-05-01,2020,5,May,01,Food and non-alcoholic beverages,0.9,0.6
Kelantan,Kelantan,2020-05-01,2020,5,May,01,Food and non-alcoholic beverages,0.2,0.2
Melaka,Melaka,2020-05-01,2020,5,May,01,Food and non-alcoholic beverages,0.9,0.3
Negeri Sembilan,Negeri Sembilan,2020-05-01,2020,5,May,01,Food and non-alcoholic beverages,1.1,0.1
Pahang,Pahang,2020-05-01,2020,5,May,01,Food and non-alcoholic beverages,1.0,0.4
Perak,Perak,2020-05-01,2020,5,May,01,Food and non-alcoholic beverages,1.8,0.2
Perlis,Perlis,2020-05-01,2020,5,May,01,Food and non-alcoholic beverages,0.5,0.2
Pulau Pinang,Penang,2020-05-01,2020,5,May,01,Food and non-alcoholic beverages,1.7,0.1
Sabah,Sabah,2020-05-01,2020,5,May,01,Food and non-alcoholic beverages,0.3,0.2
Sarawak,Sarawak,2020-05-01,2020,5,May,01,Food and non-alcoholic beverages,0.4,0.0
Selangor,Selangor,2020-05-01,2020,5,May,01,Food and non-alcoholic beverages,2.1,0.6
Terengganu,Terengganu,2020-05-01,2020,5,May,01,Food and non-alcoholic beverages,1.0,0.2
W.P. Kuala Lumpur,Kuala Lumpur,2020-05-01,2020,5,May,01,Food and non-alcoholic beverages,0.7,0.1
W.P. Labuan,Labuan,2020-05-01,2020,5,May,01,Food and non-alcoholic beverages,0.8,0.1
W.P. Putrajaya,Putrajaya,2020-05-01,2020,5,May,01,Food and non-alcoholic beverages,3.3,0.6
Johor,Johor,2020-06-01,2020,6,June,01,Food and non-alcoholic beverages,2.0,0.8
Kedah,Kedah,2020-06-01,2020,6,June,01,Food and non-alcoholic beverages,1.2,0.5
Kelantan,Kelantan,2020-06-01,2020,6,June,01,Food and non-alcoholic beverages,0.8,0.8
Melaka,Melaka,2020-06-01,2020,6,June,01,Food and non-alcoholic beverages,1.5,0.5
Negeri Sembilan,Negeri Sembilan,2020-06-01,2020,6,June,01,Food and non-alcoholic beverages,1.7,0.5
Pahang,Pahang,2020-06-01,2020,6,June,01,Food and non-alcoholic beverages,2.4,1.1
Perak,Perak,2020-06-01,2020,6,June,01,Food and non-alcoholic beverages,2.2,0.4
Perlis,Perlis,2020-06-01,2020,6,June,01,Food and non-alcoholic beverages,1.6,1.1
Pulau Pinang,Penang,2020-06-01,2020,6,June,01,Food and non-alcoholic beverages,1.9,0.1
Sabah,Sabah,2020-06-01,2020,6,June,01,Food and non-alcoholic beverages,0.2,-0.1
Sarawak,Sarawak,2020-06-01,2020,6,June,01,Food and non-alcoholic beverages,0.5,0.0
Selangor,Selangor,2020-06-01,2020,6,June,01,Food and non-alcoholic beverages,2.6,0.5
Terengganu,Terengganu,2020-06-01,2020,6,June,01,Food and non-alcoholic beverages,1.4,0.9
W.P. Kuala Lumpur,Kuala Lumpur,2020-06-01,2020,6,June,01,Food and non-alcoholic beverages,0.5,0.1
W.P. Labuan,Labuan,2020-06-01,2020,6,June,01,Food and non-alcoholic beverages,0.7,0.1
W.P. Putrajaya,Putrajaya,2020-06-01,2020,6,June,01,Food and non-alcoholic beverages,3.7,0.2
Johor,Johor,2020-07-01,2020,7,July,01,Food and non-alcoholic beverages,1.6,0.0
Kedah,Kedah,2020-07-01,2020,7,July,01,Food and non-alcoholic beverages,1.2,0.0
Kelantan,Kelantan,2020-07-01,2020,7,July,01,Food and non-alcoholic beverages,1.1,0.2
Melaka,Melaka,2020-07-01,2020,7,July,01,Food and non-alcoholic beverages,0.8,-0.2
Negeri Sembilan,Negeri Sembilan,2020-07-01,2020,7,July,01,Food and non-alcoholic beverages,1.4,0.1
Pahang,Pahang,2020-07-01,2020,7,July,01,Food and non-alcoholic beverages,1.7,-0.1
Perak,Perak,2020-07-01,2020,7,July,01,Food and non-alcoholic beverages,1.7,-0.1
Perlis,Perlis,2020-07-01,2020,7,July,01,Food and non-alcoholic beverages,0.9,-0.6
Pulau Pinang,Penang,2020-07-01,2020,7,July,01,Food and non-alcoholic beverages,1.3,0.0
Sabah,Sabah,2020-07-01,2020,7,July,01,Food and non-alcoholic beverages,0.3,0.2
Sarawak,Sarawak,2020-07-01,2020,7,July,01,Food and non-alcoholic beverages,0.5,0.1
Selangor,Selangor,2020-07-01,2020,7,July,01,Food and non-alcoholic beverages,2.3,0.1
Terengganu,Terengganu,2020-07-01,2020,7,July,01,Food and non-alcoholic beverages,1.7,0.2
W.P. Kuala Lumpur,Kuala Lumpur,2020-07-01,2020,7,July,01,Food and non-alcoholic beverages,0.1,0.0
W.P. Labuan,Labuan,2020-07-01,2020,7,July,01,Food and non-alcoholic beverages,0.4,-0.1
W.P. Putrajaya,Putrajaya,2020-07-01,2020,7,July,01,Food and non-alcoholic beverages,3.3,0.3
Johor,Johor,2020-08-01,2020,8,August,01,Food and non-alcoholic beverages,1.7,-0.1
Kedah,Kedah,2020-08-01,2020,8,August,01,Food and non-alcoholic beverages,0.5,-0.1
Kelantan,Kelantan,2020-08-01,2020,8,August,01,Food and non-alcoholic beverages,0.6,-0.2
Melaka,Melaka,2020-08-01,2020,8,August,01,Food and non-alcoholic beverages,0.7,0.1
Negeri Sembilan,Negeri Sembilan,2020-08-01,2020,8,August,01,Food and non-alcoholic beverages,1.4,0.1
Pahang,Pahang,2020-08-01,2020,8,August,01,Food and non-alcoholic beverages,1.4,-0.1
Perak,Perak,2020-08-01,2020,8,August,01,Food and non-alcoholic beverages,1.4,0.1
Perlis,Perlis,2020-08-01,2020,8,August,01,Food and non-alcoholic beverages,0.5,0.2
Pulau Pinang,Penang,2020-08-01,2020,8,August,01,Food and non-alcoholic beverages,1.1,0.1
Sabah,Sabah,2020-08-01,2020,8,August,01,Food and non-alcoholic beverages,0.2,0.2
Sarawak,Sarawak,2020-08-01,2020,8,August,01,Food and non-alcoholic beverages,0.5,0.0
Selangor,Selangor,2020-08-01,2020,8,August,01,Food and non-alcoholic beverages,2.3,0.2
Terengganu,Terengganu,2020-08-01,2020,8,August,01,Food and non-alcoholic beverages,1.5,-0.1
W.P. Kuala Lumpur,Kuala Lumpur,2020-08-01,2020,8,August,01,Food and non-alcoholic beverages,0.7,0.9
W.P. Labuan,Labuan,2020-08-01,2020,8,August,01,Food and non-alcoholic beverages,0.8,0.4
W.P. Putrajaya,Putrajaya,2020-08-01,2020,8,August,01,Food and non-alcoholic beverages,2.9,-0.3
Johor,Johor,2020-09-01,2020,9,September,01,Food and non-alcoholic beverages,1.5,-0.1
Kedah,Kedah,2020-09-01,2020,9,September,01,Food and non-alcoholic beverages,0.5,-0.2
Kelantan,Kelantan,2020-09-01,2020,9,September,01,Food and non-alcoholic beverages,1.1,-0.2
Melaka,Melaka,2020-09-01,2020,9,September,01,Food and non-alcoholic beverages,0.7,-0.2
Negeri Sembilan,Negeri Sembilan,2020-09-01,2020,9,September,01,Food and non-alcoholic beverages,1.4,-0.1
Pahang,Pahang,2020-09-01,2020,9,September,01,Food and non-alcoholic beverages,1.4,-0.2
Perak,Perak,2020-09-01,2020,9,September,01,Food and non-alcoholic beverages,1.5,-0.2
Perlis,Perlis,2020-09-01,2020,9,September,01,Food and non-alcoholic beverages,0.6,-0.3
Pulau Pinang,Penang,2020-09-01,2020,9,September,01,Food and non-alcoholic beverages,1.0,-0.2
Sabah,Sabah,2020-09-01,2020,9,September,01,Food and non-alcoholic beverages,0.2,0.0
Sarawak,Sarawak,2020-09-01,2020,9,September,01,Food and non-alcoholic beverages,0.5,0.0
Selangor,Selangor,2020-09-01,2020,9,September,01,Food and non-alcoholic beverages,2.5,0.1
Terengganu,Terengganu,2020-09-01,2020,9,September,01,Food and non-alcoholic beverages,1.6,-0.2
W.P. Kuala Lumpur,Kuala Lumpur,2020-09-01,2020,9,September,01,Food and non-alcoholic beverages,1.2,0.0
W.P. Labuan,Labuan,2020-09-01,2020,9,September,01,Food and non-alcoholic beverages,0.9,0.0
W.P. Putrajaya,Putrajaya,2020-09-01,2020,9,September,01,Food and non-alcoholic beverages,2.9,-0.1
Johor,Johor,2020-10-01,2020,10,October,01,Food and non-alcoholic beverages,1.4,0.1
Kedah,Kedah,2020-10-01,2020,10,October,01,Food and non-alcoholic beverages,0.5,0.0
Kelantan,Kelantan,2020-10-01,2020,10,October,01,Food and non-alcoholic beverages,1.3,0.0
Melaka,Melaka,2020-10-01,2020,10,October,01,Food and non-alcoholic beverages,0.9,0.1
Negeri Sembilan,Negeri Sembilan,2020-10-01,2020,10,October,01,Food and non-alcoholic beverages,1.6,0.1
Pahang,Pahang,2020-10-01,2020,10,October,01,Food and non-alcoholic beverages,1.8,0.1
Perak,Perak,2020-10-01,2020,10,October,01,Food and non-alcoholic beverages,1.7,0.1
Perlis,Perlis,2020-10-01,2020,10,October,01,Food and non-alcoholic beverages,0.7,0.0
Pulau Pinang,Penang,2020-10-01,2020,10,October,01,Food and non-alcoholic beverages,1.3,0.2
Sabah,Sabah,2020-10-01,2020,10,October,01,Food and non-alcoholic beverages,0.2,0.0
Sarawak,Sarawak,2020-10-01,2020,10,October,01,Food and non-alcoholic beverages,0.7,0.2
Selangor,Selangor,2020-10-01,2020,10,October,01,Food and non-alcoholic beverages,2.3,0.1
Terengganu,Terengganu,2020-10-01,2020,10,October,01,Food and non-alcoholic beverages,1.7,0.0
W.P. Kuala Lumpur,Kuala Lumpur,2020-10-01,2020,10,October,01,Food and non-alcoholic beverages,1.2,0.0
W.P. Labuan,Labuan,2020-10-01,2020,10,October,01,Food and non-alcoholic beverages,1.0,0.0
W.P. Putrajaya,Putrajaya,2020-10-01,2020,10,October,01,Food and non-alcoholic beverages,3.3,0.6
Johor,Johor,2020-11-01,2020,11,November,01,Food and non-alcoholic beverages,1.7,0.1
Kedah,Kedah,2020-11-01,2020,11,November,01,Food and non-alcoholic beverages,0.6,0.0
Kelantan,Kelantan,2020-11-01,2020,11,November,01,Food and non-alcoholic beverages,1.5,0.1
Melaka,Melaka,2020-11-01,2020,11,November,01,Food and non-alcoholic beverages,0.9,-0.1
Negeri Sembilan,Negeri Sembilan,2020-11-01,2020,11,November,01,Food and non-alcoholic beverages,1.0,-0.6
Pahang,Pahang,2020-11-01,2020,11,November,01,Food and non-alcoholic beverages,1.4,-0.5
Perak,Perak,2020-11-01,2020,11,November,01,Food and non-alcoholic beverages,1.4,-0.2
Perlis,Perlis,2020-11-01,2020,11,November,01,Food and non-alcoholic beverages,0.5,-0.4
Pulau Pinang,Penang,2020-11-01,2020,11,November,01,Food and non-alcoholic beverages,1.0,-0.1
Sabah,Sabah,2020-11-01,2020,11,November,01,Food and non-alcoholic beverages,-0.3,0.0
Sarawak,Sarawak,2020-11-01,2020,11,November,01,Food and non-alcoholic beverages,0.8,0.2
Selangor,Selangor,2020-11-01,2020,11,November,01,Food and non-alcoholic beverages,2.0,-0.1
Terengganu,Terengganu,2020-11-01,2020,11,November,01,Food and non-alcoholic beverages,1.8,0.0
W.P. Kuala Lumpur,Kuala Lumpur,2020-11-01,2020,11,November,01,Food and non-alcoholic beverages,0.9,-0.3
W.P. Labuan,Labuan,2020-11-01,2020,11,November,01,Food and non-alcoholic beverages,1.2,0.1
W.P. Putrajaya,Putrajaya,2020-11-01,2020,11,November,01,Food and non-alcoholic beverages,2.9,-0.1
Johor,Johor,2020-12-01,2020,12,December,01,Food and non-alcoholic beverages,1.0,0.1
Kedah,Kedah,2020-12-01,2020,12,December,01,Food and non-alcoholic beverages,0.7,0.2
Kelantan,Kelantan,2020-12-01,2020,12,December,01,Food and non-alcoholic beverages,1.6,0.9
Melaka,Melaka,2020-12-01,2020,12,December,01,Food and non-alcoholic beverages,1.3,0.6
Negeri Sembilan,Negeri Sembilan,2020-12-01,2020,12,December,01,Food and non-alcoholic beverages,1.7,0.8
Pahang,Pahang,2020-12-01,2020,12,December,01,Food and non-alcoholic beverages,2.3,1.4
Perak,Perak,2020-12-01,2020,12,December,01,Food and non-alcoholic beverages,2.0,0.8
Perlis,Perlis,2020-12-01,2020,12,December,01,Food and non-alcoholic beverages,0.7,1.1
Pulau Pinang,Penang,2020-12-01,2020,12,December,01,Food and non-alcoholic beverages,1.4,0.6
Sabah,Sabah,2020-12-01,2020,12,December,01,Food and non-alcoholic beverages,-0.4,0.1
Sarawak,Sarawak,2020-12-01,2020,12,December,01,Food and non-alcoholic beverages,0.9,0.2
Selangor,Selangor,2020-12-01,2020,12,December,01,Food and non-alcoholic beverages,2.1,0.5
Terengganu,Terengganu,2020-12-01,2020,12,December,01,Food and non-alcoholic beverages,2.0,1.0
W.P. Kuala Lumpur,Kuala Lumpur,2020-12-01,2020,12,December,01,Food and non-alcoholic beverages,0.9,0.3
W.P. Labuan,Labuan,2020-12-01,2020,12,December,01,Food and non-alcoholic beverages,1.1,0.2
W.P. Putrajaya,Putrajaya,2020-12-01,2020,12,December,01,Food and non-alcoholic beverages,3.8,1.0
Johor,Johor,2021-01-01,2021,1,January,01,Food and non-alcoholic beverages,1.1,0.4
Kedah,Kedah,2021-01-01,2021,1,January,01,Food and non-alcoholic beverages,0.8,0.2
Kelantan,Kelantan,2021-01-01,2021,1,January,01,Food and non-alcoholic beverages,1.8,0.4
Melaka,Melaka,2021-01-01,2021,1,January,01,Food and non-alcoholic beverages,1.4,0.3
Negeri Sembilan,Negeri Sembilan,2021-01-01,2021,1,January,01,Food and non-alcoholic beverages,1.6,0.3
Pahang,Pahang,2021-01-01,2021,1,January,01,Food and non-alcoholic beverages,2.4,0.3
Perak,Perak,2021-01-01,2021,1,January,01,Food and non-alcoholic beverages,1.6,0.2
Perlis,Perlis,2021-01-01,2021,1,January,01,Food and non-alcoholic beverages,1.1,0.4
Pulau Pinang,Penang,2021-01-01,2021,1,January,01,Food and non-alcoholic beverages,1.4,0.1
Sabah,Sabah,2021-01-01,2021,1,January,01,Food and non-alcoholic beverages,-0.5,0.2
Sarawak,Sarawak,2021-01-01,2021,1,January,01,Food and non-alcoholic beverages,0.8,0.2
Selangor,Selangor,2021-01-01,2021,1,January,01,Food and non-alcoholic beverages,2.2,0.3
Terengganu,Terengganu,2021-01-01,2021,1,January,01,Food and non-alcoholic beverages,2.0,0.2
W.P. Kuala Lumpur,Kuala Lumpur,2021-01-01,2021,1,January,01,Food and non-alcoholic beverages,1.2,0.2
W.P. Labuan,Labuan,2021-01-01,2021,1,January,01,Food and non-alcoholic beverages,1.3,0.3
W.P. Putrajaya,Putrajaya,2021-01-01,2021,1,January,01,Food and non-alcoholic beverages,4.0,1.0
Johor,Johor,2021-02-01,2021,2,February,01,Food and non-alcoholic beverages,1.2,0.2
Kedah,Kedah,2021-02-01,2021,2,February,01,Food and non-alcoholic beverages,0.8,0.0
Kelantan,Kelantan,2021-02-01,2021,2,February,01,Food and non-alcoholic beverages,2.0,0.0
Melaka,Melaka,2021-02-01,2021,2,February,01,Food and non-alcoholic beverages,1.0,-0.5
Negeri Sembilan,Negeri Sembilan,2021-02-01,2021,2,February,01,Food and non-alcoholic beverages,1.2,-0.2
Pahang,Pahang,2021-02-01,2021,2,February,01,Food and non-alcoholic beverages,1.6,-0.5
Perak,Perak,2021-02-01,2021,2,February,01,Food and non-alcoholic beverages,1.5,0.0
Perlis,Perlis,2021-02-01,2021,2,February,01,Food and non-alcoholic beverages,1.1,-0.2
Pulau Pinang,Penang,2021-02-01,2021,2,February,01,Food and non-alcoholic beverages,1.1,-0.1
Sabah,Sabah,2021-02-01,2021,2,February,01,Food and non-alcoholic beverages,-0.2,0.1
Sarawak,Sarawak,2021-02-01,2021,2,February,01,Food and non-alcoholic beverages,0.9,0.2
Selangor,Selangor,2021-02-01,2021,2,February,01,Food and non-alcoholic beverages,2.0,0.0
Terengganu,Terengganu,2021-02-01,2021,2,February,01,Food and non-alcoholic beverages,2.1,0.1
W.P. Kuala Lumpur,Kuala Lumpur,2021-02-01,2021,2,February,01,Food and non-alcoholic beverages,0.9,-0.4
W.P. Labuan,Labuan,2021-02-01,2021,2,February,01,Food and non-alcoholic beverages,1.1,-0.1
W.P. Putrajaya,Putrajaya,2021-02-01,2021,2,February,01,Food and non-alcoholic beverages,3.5,-0.5
Johor,Johor,2021-03-01,2021,3,March,01,Food and non-alcoholic beverages,1.4,0.0
Kedah,Kedah,2021-03-01,2021,3,March,01,Food and non-alcoholic beverages,0.8,0.0
Kelantan,Kelantan,2021-03-01,2021,3,March,01,Food and non-alcoholic beverages,1.8,-0.3
Melaka,Melaka,2021-03-01,2021,3,March,01,Food and non-alcoholic beverages,1.0,0.0
Negeri Sembilan,Negeri Sembilan,2021-03-01,2021,3,March,01,Food and non-alcoholic beverages,1.6,0.1
Pahang,Pahang,2021-03-01,2021,3,March,01,Food and non-alcoholic beverages,1.9,0.1
Perak,Perak,2021-03-01,2021,3,March,01,Food and non-alcoholic beverages,1.7,-0.1
Perlis,Perlis,2021-03-01,2021,3,March,01,Food and non-alcoholic beverages,1.1,-0.6
Pulau Pinang,Penang,2021-03-01,2021,3,March,01,Food and non-alcoholic beverages,1.1,-0.1
Sabah,Sabah,2021-03-01,2021,3,March,01,Food and non-alcoholic beverages,0.3,0.2
Sarawak,Sarawak,2021-03-01,2021,3,March,01,Food and non-alcoholic beverages,1.0,0.1
Selangor,Selangor,2021-03-01,2021,3,March,01,Food and non-alcoholic beverages,2.2,0.1
Terengganu,Terengganu,2021-03-01,2021,3,March,01,Food and non-alcoholic beverages,2.0,-0.2
W.P. Kuala Lumpur,Kuala Lumpur,2021-03-01,2021,3,March,01,Food and non-alcoholic beverages,1.3,0.3
W.P. Labuan,Labuan,2021-03-01,2021,3,March,01,Food and non-alcoholic beverages,1.7,0.5
W.P. Putrajaya,Putrajaya,2021-03-01,2021,3,March,01,Food and non-alcoholic beverages,2.5,0.1
Johor,Johor,2021-04-01,2021,4,April,01,Food and non-alcoholic beverages,2.1,0.4
Kedah,Kedah,2021-04-01,2021,4,April,01,Food and non-alcoholic beverages,1.7,0.5
Kelantan,Kelantan,2021-04-01,2021,4,April,01,Food and non-alcoholic beverages,2.6,0.5
Melaka,Melaka,2021-04-01,2021,4,April,01,Food and non-alcoholic beverages,1.2,0.4
Negeri Sembilan,Negeri Sembilan,2021-04-01,2021,4,April,01,Food and non-alcoholic beverages,1.5,0.1
Pahang,Pahang,2021-04-01,2021,4,April,01,Food and non-alcoholic beverages,3.0,1.0
Perak,Perak,2021-04-01,2021,4,April,01,Food and non-alcoholic beverages,1.4,0.2
Perlis,Perlis,2021-04-01,2021,4,April,01,Food and non-alcoholic beverages,0.7,-0.2
Pulau Pinang,Penang,2021-04-01,2021,4,April,01,Food and non-alcoholic beverages,1.0,0.1
Sabah,Sabah,2021-04-01,2021,4,April,01,Food and non-alcoholic beverages,1.0,0.1
Sarawak,Sarawak,2021-04-01,2021,4,April,01,Food and non-alcoholic beverages,1.0,-0.2
Selangor,Selangor,2021-04-01,2021,4,April,01,Food and non-alcoholic beverages,2.6,0.1
Terengganu,Terengganu,2021-04-01,2021,4,April,01,Food and non-alcoholic beverages,2.8,0.8
W.P. Kuala Lumpur,Kuala Lumpur,2021-04-01,2021,4,April,01,Food and non-alcoholic beverages,1.6,0.3
W.P. Labuan,Labuan,2021-04-01,2021,4,April,01,Food and non-alcoholic beverages,1.4,-0.1
W.P. Putrajaya,Putrajaya,2021-04-01,2021,4,April,01,Food and non-alcoholic beverages,3.1,0.2
Johor,Johor,2021-05-01,2021,5,May,01,Food and non-alcoholic beverages,1.6,-0.3
Kedah,Kedah,2021-05-01,2021,5,May,01,Food and non-alcoholic beverages,1.1,0.0
Kelantan,Kelantan,2021-05-01,2021,5,May,01,Food and non-alcoholic beverages,2.6,0.2
Melaka,Melaka,2021-05-01,2021,5,May,01,Food and non-alcoholic beverages,0.7,-0.2
Negeri Sembilan,Negeri Sembilan,2021-05-01,2021,5,May,01,Food and non-alcoholic beverages,1.1,-0.2
Pahang,Pahang,2021-05-01,2021,5,May,01,Food and non-alcoholic beverages,1.9,-0.7
Perak,Perak,2021-05-01,2021,5,May,01,Food and non-alcoholic beverages,1.0,-0.2
Perlis,Perlis,2021-05-01,2021,5,May,01,Food and non-alcoholic beverages,0.7,0.2
Pulau Pinang,Penang,2021-05-01,2021,5,May,01,Food and non-alcoholic beverages,0.4,-0.4
Sabah,Sabah,2021-05-01,2021,5,May,01,Food and non-alcoholic beverages,0.5,-0.3
Sarawak,Sarawak,2021-05-01,2021,5,May,01,Food and non-alcoholic beverages,0.9,-0.1
Selangor,Selangor,2021-05-01,2021,5,May,01,Food and non-alcoholic beverages,2.0,0.0
Terengganu,Terengganu,2021-05-01,2021,5,May,01,Food and non-alcoholic beverages,2.9,0.2
W.P. Kuala Lumpur,Kuala Lumpur,2021-05-01,2021,5,May,01,Food and non-alcoholic beverages,1.4,-0.1
W.P. Labuan,Labuan,2021-05-01,2021,5,May,01,Food and non-alcoholic beverages,0.9,-0.4
W.P. Putrajaya,Putrajaya,2021-05-01,2021,5,May,01,Food and non-alcoholic beverages,2.0,-0.4
Johor,Johor,2021-06-01,2021,6,June,01,Food and non-alcoholic beverages,1.1,0.4
Kedah,Kedah,2021-06-01,2021,6,June,01,Food and non-alcoholic beverages,0.6,0.0
Kelantan,Kelantan,2021-06-01,2021,6,June,01,Food and non-alcoholic beverages,1.7,0.0
Melaka,Melaka,2021-06-01,2021,6,June,01,Food and non-alcoholic beverages,0.5,0.3
Negeri Sembilan,Negeri Sembilan,2021-06-01,2021,6,June,01,Food and non-alcoholic beverages,0.8,0.2
Pahang,Pahang,2021-06-01,2021,6,June,01,Food and non-alcoholic beverages,1.3,0.4
Perak,Perak,2021-06-01,2021,6,June,01,Food and non-alcoholic beverages,1.0,0.4
Perlis,Perlis,2021-06-01,2021,6,June,01,Food and non-alcoholic beverages,-0.3,0.2
Pulau Pinang,Penang,2021-06-01,2021,6,June,01,Food and non-alcoholic beverages,0.4,0.1
Sabah,Sabah,2021-06-01,2021,6,June,01,Food and non-alcoholic beverages,0.9,0.3
Sarawak,Sarawak,2021-06-01,2021,6,June,01,Food and non-alcoholic beverages,1.0,0.1
Selangor,Selangor,2021-06-01,2021,6,June,01,Food and non-alcoholic beverages,1.9,0.4
Terengganu,Terengganu,2021-06-01,2021,6,June,01,Food and non-alcoholic beverages,2.0,0.0
W.P. Kuala Lumpur,Kuala Lumpur,2021-06-01,2021,6,June,01,Food and non-alcoholic beverages,1.4,0.1
W.P. Labuan,Labuan,2021-06-01,2021,6,June,01,Food and non-alcoholic beverages,1.0,0.2
W.P. Putrajaya,Putrajaya,2021-06-01,2021,6,June,01,Food and non-alcoholic beverages,2.4,0.5
Johor,Johor,2021-07-01,2021,7,July,01,Food and non-alcoholic beverages,1.1,-0.1
Kedah,Kedah,2021-07-01,2021,7,July,01,Food and non-alcoholic beverages,0.6,0.0
Kelantan,Kelantan,2021-07-01,2021,7,July,01,Food and non-alcoholic beverages,1.3,-0.2
Melaka,Melaka,2021-07-01,2021,7,July,01,Food and non-alcoholic beverages,0.7,0.0
Negeri Sembilan,Negeri Sembilan,2021-07-01,2021,7,July,01,Food and non-alcoholic beverages,1.0,0.3
Pahang,Pahang,2021-07-01,2021,7,July,01,Food and non-alcoholic beverages,1.3,0.0
Perak,Perak,2021-07-01,2021,7,July,01,Food and non-alcoholic beverages,1.3,0.2
Perlis,Perlis,2021-07-01,2021,7,July,01,Food and non-alcoholic beverages,0.8,0.5
Pulau Pinang,Penang,2021-07-01,2021,7,July,01,Food and non-alcoholic beverages,0.5,0.1
Sabah,Sabah,2021-07-01,2021,7,July,01,Food and non-alcoholic beverages,0.7,0.0
Sarawak,Sarawak,2021-07-01,2021,7,July,01,Food and non-alcoholic beverages,1.0,0.1
Selangor,Selangor,2021-07-01,2021,7,July,01,Food and non-alcoholic beverages,1.9,0.1
Terengganu,Terengganu,2021-07-01,2021,7,July,01,Food and non-alcoholic beverages,1.2,-0.5
W.P. Kuala Lumpur,Kuala Lumpur,2021-07-01,2021,7,July,01,Food and non-alcoholic beverages,1.2,-0.1
W.P. Labuan,Labuan,2021-07-01,2021,7,July,01,Food and non-alcoholic beverages,1.5,0.4
W.P. Putrajaya,Putrajaya,2021-07-01,2021,7,July,01,Food and non-alcoholic beverages,1.9,-0.1
Johor,Johor,2021-08-01,2021,8,August,01,Food and non-alcoholic beverages,1.1,0.0
Kedah,Kedah,2021-08-01,2021,8,August,01,Food and non-alcoholic beverages,0.8,0.2
Kelantan,Kelantan,2021-08-01,2021,8,August,01,Food and non-alcoholic beverages,1.4,0.0
Melaka,Melaka,2021-08-01,2021,8,August,01,Food and non-alcoholic beverages,1.0,0.4
Negeri Sembilan,Negeri Sembilan,2021-08-01,2021,8,August,01,Food and non-alcoholic beverages,1.0,0.1
Pahang,Pahang,2021-08-01,2021,8,August,01,Food and non-alcoholic beverages,1.3,-0.1
Perak,Perak,2021-08-01,2021,8,August,01,Food and non-alcoholic beverages,1.2,0.0
Perlis,Perlis,2021-08-01,2021,8,August,01,Food and non-alcoholic beverages,0.7,0.1
Pulau Pinang,Penang,2021-08-01,2021,8,August,01,Food and non-alcoholic beverages,0.4,0.1
Sabah,Sabah,2021-08-01,2021,8,August,01,Food and non-alcoholic beverages,0.6,0.1
Sarawak,Sarawak,2021-08-01,2021,8,August,01,Food and non-alcoholic beverages,1.1,0.1
Selangor,Selangor,2021-08-01,2021,8,August,01,Food and non-alcoholic beverages,1.7,0.0
Terengganu,Terengganu,2021-08-01,2021,8,August,01,Food and non-alcoholic beverages,1.2,-0.2
W.P. Kuala Lumpur,Kuala Lumpur,2021-08-01,2021,8,August,01,Food and non-alcoholic beverages,0.5,0.2
W.P. Labuan,Labuan,2021-08-01,2021,8,August,01,Food and non-alcoholic beverages,1.2,0.2
W.P. Putrajaya,Putrajaya,2021-08-01,2021,8,August,01,Food and non-alcoholic beverages,2.9,0.7
Johor,Johor,2021-09-01,2021,9,September,01,Food and non-alcoholic beverages,2.2,0.9
Kedah,Kedah,2021-09-01,2021,9,September,01,Food and non-alcoholic beverages,1.3,0.3
Kelantan,Kelantan,2021-09-01,2021,9,September,01,Food and non-alcoholic beverages,2.1,0.5
Melaka,Melaka,2021-09-01,2021,9,September,01,Food and non-alcoholic beverages,2.2,0.9
Negeri Sembilan,Negeri Sembilan,2021-09-01,2021,9,September,01,Food and non-alcoholic beverages,1.7,0.7
Pahang,Pahang,2021-09-01,2021,9,September,01,Food and non-alcoholic beverages,2.7,1.1
Perak,Perak,2021-09-01,2021,9,September,01,Food and non-alcoholic beverages,2.4,1.0
Perlis,Perlis,2021-09-01,2021,9,September,01,Food and non-alcoholic beverages,2.2,1.1
Pulau Pinang,Penang,2021-09-01,2021,9,September,01,Food and non-alcoholic beverages,1.0,0.4
Sabah,Sabah,2021-09-01,2021,9,September,01,Food and non-alcoholic beverages,0.7,0.1
Sarawak,Sarawak,2021-09-01,2021,9,September,01,Food and non-alcoholic beverages,1.2,0.2
Selangor,Selangor,2021-09-01,2021,9,September,01,Food and non-alcoholic beverages,2.2,0.6
Terengganu,Terengganu,2021-09-01,2021,9,September,01,Food and non-alcoholic beverages,2.2,0.8
W.P. Kuala Lumpur,Kuala Lumpur,2021-09-01,2021,9,September,01,Food and non-alcoholic beverages,0.9,0.4
W.P. Labuan,Labuan,2021-09-01,2021,9,September,01,Food and non-alcoholic beverages,1.2,0.0
W.P. Putrajaya,Putrajaya,2021-09-01,2021,9,September,01,Food and non-alcoholic beverages,5.2,2.1
Johor,Johor,2021-10-01,2021,10,October,01,Food and non-alcoholic beverages,2.2,0.1
Kedah,Kedah,2021-10-01,2021,10,October,01,Food and non-alcoholic beverages,1.5,0.2
Kelantan,Kelantan,2021-10-01,2021,10,October,01,Food and non-alcoholic beverages,2.4,0.3
Melaka,Melaka,2021-10-01,2021,10,October,01,Food and non-alcoholic beverages,2.0,0.0
Negeri Sembilan,Negeri Sembilan,2021-10-01,2021,10,October,01,Food and non-alcoholic beverages,1.9,0.4
Pahang,Pahang,2021-10-01,2021,10,October,01,Food and non-alcoholic beverages,2.5,0.0
Perak,Perak,2021-10-01,2021,10,October,01,Food and non-alcoholic beverages,2.4,0.1
Perlis,Perlis,2021-10-01,2021,10,October,01,Food and non-alcoholic beverages,2.0,-0.2
Pulau Pinang,Penang,2021-10-01,2021,10,October,01,Food and non-alcoholic beverages,1.0,0.2
Sabah,Sabah,2021-10-01,2021,10,October,01,Food and non-alcoholic beverages,0.9,0.2
Sarawak,Sarawak,2021-10-01,2021,10,October,01,Food and non-alcoholic beverages,1.2,0.2
Selangor,Selangor,2021-10-01,2021,10,October,01,Food and non-alcoholic beverages,2.6,0.6
Terengganu,Terengganu,2021-10-01,2021,10,October,01,Food and non-alcoholic beverages,2.6,0.4
W.P. Kuala Lumpur,Kuala Lumpur,2021-10-01,2021,10,October,01,Food and non-alcoholic beverages,0.7,-0.1
W.P. Labuan,Labuan,2021-10-01,2021,10,October,01,Food and non-alcoholic beverages,1.4,0.2
W.P. Putrajaya,Putrajaya,2021-10-01,2021,10,October,01,Food and non-alcoholic beverages,4.6,0.0
Johor,Johor,2021-11-01,2021,11,November,01,Food and non-alcoholic beverages,2.8,0.7
Kedah,Kedah,2021-11-01,2021,11,November,01,Food and non-alcoholic beverages,2.1,0.6
Kelantan,Kelantan,2021-11-01,2021,11,November,01,Food and non-alcoholic beverages,2.7,0.4
Melaka,Melaka,2021-11-01,2021,11,November,01,Food and non-alcoholic beverages,2.7,0.5
Negeri Sembilan,Negeri Sembilan,2021-11-01,2021,11,November,01,Food and non-alcoholic beverages,2.9,0.4
Pahang,Pahang,2021-11-01,2021,11,November,01,Food and non-alcoholic beverages,3.5,0.4
Perak,Perak,2021-11-01,2021,11,November,01,Food and non-alcoholic beverages,3.0,0.4
Perlis,Perlis,2021-11-01,2021,11,November,01,Food and non-alcoholic beverages,3.3,0.8
Pulau Pinang,Penang,2021-11-01,2021,11,November,01,Food and non-alcoholic beverages,2.4,1.2
Sabah,Sabah,2021-11-01,2021,11,November,01,Food and non-alcoholic beverages,1.1,0.2
Sarawak,Sarawak,2021-11-01,2021,11,November,01,Food and non-alcoholic beverages,1.2,0.2
Selangor,Selangor,2021-11-01,2021,11,November,01,Food and non-alcoholic beverages,3.6,0.8
Terengganu,Terengganu,2021-11-01,2021,11,November,01,Food and non-alcoholic beverages,3.0,0.5
W.P. Kuala Lumpur,Kuala Lumpur,2021-11-01,2021,11,November,01,Food and non-alcoholic beverages,1.9,0.9
W.P. Labuan,Labuan,2021-11-01,2021,11,November,01,Food and non-alcoholic beverages,1.6,0.3
W.P. Putrajaya,Putrajaya,2021-11-01,2021,11,November,01,Food and non-alcoholic beverages,5.2,0.5
Johor,Johor,2021-12-01,2021,12,December,01,Food and non-alcoholic beverages,3.7,1.0
Kedah,Kedah,2021-12-01,2021,12,December,01,Food and non-alcoholic beverages,2.9,1.1
Kelantan,Kelantan,2021-12-01,2021,12,December,01,Food and non-alcoholic beverages,3.0,1.2
Melaka,Melaka,2021-12-01,2021,12,December,01,Food and non-alcoholic beverages,2.5,0.4
Negeri Sembilan,Negeri Sembilan,2021-12-01,2021,12,December,01,Food and non-alcoholic beverages,2.7,0.7
Pahang,Pahang,2021-12-01,2021,12,December,01,Food and non-alcoholic beverages,3.2,1.2
Perak,Perak,2021-12-01,2021,12,December,01,Food and non-alcoholic beverages,3.3,1.0
Perlis,Perlis,2021-12-01,2021,12,December,01,Food and non-alcoholic beverages,3.5,1.3
Pulau Pinang,Penang,2021-12-01,2021,12,December,01,Food and non-alcoholic beverages,3.0,1.2
Sabah,Sabah,2021-12-01,2021,12,December,01,Food and non-alcoholic beverages,1.5,0.5
Sarawak,Sarawak,2021-12-01,2021,12,December,01,Food and non-alcoholic beverages,1.7,0.7
Selangor,Selangor,2021-12-01,2021,12,December,01,Food and non-alcoholic beverages,4.3,1.2
Terengganu,Terengganu,2021-12-01,2021,12,December,01,Food and non-alcoholic beverages,2.9,0.8
W.P. Kuala Lumpur,Kuala Lumpur,2021-12-01,2021,12,December,01,Food and non-alcoholic beverages,2.5,0.9
W.P. Labuan,Labuan,2021-12-01,2021,12,December,01,Food and non-alcoholic beverages,2.1,0.6
W.P. Putrajaya,Putrajaya,2021-12-01,2021,12,December,01,Food and non-alcoholic beverages,6.1,1.8
Johor,Johor,2022-01-01,2022,1,January,01,Food and non-alcoholic beverages,4.0,0.6
Kedah,Kedah,2022-01-01,2022,1,January,01,Food and non-alcoholic beverages,3.0,0.2
Kelantan,Kelantan,2022-01-01,2022,1,January,01,Food and non-alcoholic beverages,2.9,0.3
Melaka,Melaka,2022-01-01,2022,1,January,01,Food and non-alcoholic beverages,2.9,0.7
Negeri Sembilan,Negeri Sembilan,2022-01-01,2022,1,January,01,Food and non-alcoholic beverages,2.5,0.1
Pahang,Pahang,2022-01-01,2022,1,January,01,Food and non-alcoholic beverages,2.9,0.0
Perak,Perak,2022-01-01,2022,1,January,01,Food and non-alcoholic beverages,3.6,0.4
Perlis,Perlis,2022-01-01,2022,1,January,01,Food and non-alcoholic beverages,3.1,0.1
Pulau Pinang,Penang,2022-01-01,2022,1,January,01,Food and non-alcoholic beverages,3.3,0.5
Sabah,Sabah,2022-01-01,2022,1,January,01,Food and non-alcoholic beverages,2.6,1.3
Sarawak,Sarawak,2022-01-01,2022,1,January,01,Food and non-alcoholic beverages,2.2,0.6
Selangor,Selangor,2022-01-01,2022,1,January,01,Food and non-alcoholic beverages,4.9,0.8
Terengganu,Terengganu,2022-01-01,2022,1,January,01,Food and non-alcoholic beverages,3.3,0.7
W.P. Kuala Lumpur,Kuala Lumpur,2022-01-01,2022,1,January,01,Food and non-alcoholic beverages,2.9,0.6
W.P. Labuan,Labuan,2022-01-01,2022,1,January,01,Food and non-alcoholic beverages,2.5,0.7
W.P. Putrajaya,Putrajaya,2022-01-01,2022,1,January,01,Food and non-alcoholic beverages,5.8,0.6
Johor,Johor,2022-02-01,2022,2,February,01,Food and non-alcoholic beverages,3.7,-0.1
Kedah,Kedah,2022-02-01,2022,2,February,01,Food and non-alcoholic beverages,3.1,0.1
Kelantan,Kelantan,2022-02-01,2022,2,February,01,Food and non-alcoholic beverages,3.1,0.1
Melaka,Melaka,2022-02-01,2022,2,February,01,Food and non-alcoholic beverages,3.4,-0.1
Negeri Sembilan,Negeri Sembilan,2022-02-01,2022,2,February,01,Food and non-alcoholic beverages,3.0,0.3
Pahang,Pahang,2022-02-01,2022,2,February,01,Food and non-alcoholic beverages,3.3,-0.1
Perak,Perak,2022-02-01,2022,2,February,01,Food and non-alcoholic beverages,3.6,0.0
Perlis,Perlis,2022-02-01,2022,2,February,01,Food and non-alcoholic beverages,3.8,0.5
Pulau Pinang,Penang,2022-02-01,2022,2,February,01,Food and non-alcoholic beverages,3.6,0.2
Sabah,Sabah,2022-02-01,2022,2,February,01,Food and non-alcoholic beverages,3.0,0.5
Sarawak,Sarawak,2022-02-01,2022,2,February,01,Food and non-alcoholic beverages,2.7,0.8
Selangor,Selangor,2022-02-01,2022,2,February,01,Food and non-alcoholic beverages,5.1,0.2
Terengganu,Terengganu,2022-02-01,2022,2,February,01,Food and non-alcoholic beverages,3.5,0.3
W.P. Kuala Lumpur,Kuala Lumpur,2022-02-01,2022,2,February,01,Food and non-alcoholic beverages,3.4,0.1
W.P. Labuan,Labuan,2022-02-01,2022,2,February,01,Food and non-alcoholic beverages,3.1,0.5
W.P. Putrajaya,Putrajaya,2022-02-01,2022,2,February,01,Food and non-alcoholic beverages,7.1,0.6
Johor,Johor,2022-03-01,2022,3,March,01,Food and non-alcoholic beverages,4.2,0.5
Kedah,Kedah,2022-03-01,2022,3,March,01,Food and non-alcoholic beverages,3.3,0.1
Kelantan,Kelantan,2022-03-01,2022,3,March,01,Food and non-alcoholic beverages,3.7,0.4
Melaka,Melaka,2022-03-01,2022,3,March,01,Food and non-alcoholic beverages,3.6,0.2
Negeri Sembilan,Negeri Sembilan,2022-03-01,2022,3,March,01,Food and non-alcoholic beverages,3.3,0.3
Pahang,Pahang,2022-03-01,2022,3,March,01,Food and non-alcoholic beverages,3.6,0.5
Perak,Perak,2022-03-01,2022,3,March,01,Food and non-alcoholic beverages,4.1,0.4
Perlis,Perlis,2022-03-01,2022,3,March,01,Food and non-alcoholic beverages,4.6,0.2
Pulau Pinang,Penang,2022-03-01,2022,3,March,01,Food and non-alcoholic beverages,4.3,0.5
Sabah,Sabah,2022-03-01,2022,3,March,01,Food and non-alcoholic beverages,2.4,-0.4
Sarawak,Sarawak,2022-03-01,2022,3,March,01,Food and non-alcoholic beverages,2.9,0.3
Selangor,Selangor,2022-03-01,2022,3,March,01,Food and non-alcoholic beverages,5.3,0.3
Terengganu,Terengganu,2022-03-01,2022,3,March,01,Food and non-alcoholic beverages,4.1,0.3
W.P. Kuala Lumpur,Kuala Lumpur,2022-03-01,2022,3,March,01,Food and non-alcoholic beverages,3.2,0.1
W.P. Labuan,Labuan,2022-03-01,2022,3,March,01,Food and non-alcoholic beverages,2.2,-0.4
W.P. Putrajaya,Putrajaya,2022-03-01,2022,3,March,01,Food and non-alcoholic beverages,7.0,0.1
Johor,Johor,2022-04-01,2022,4,April,01,Food and non-alcoholic beverages,4.2,0.4
Kedah,Kedah,2022-04-01,2022,4,April,01,Food and non-alcoholic beverages,3.0,0.1
Kelantan,Kelantan,2022-04-01,2022,4,April,01,Food and non-alcoholic beverages,3.5,0.3
Melaka,Melaka,2022-04-01,2022,4,April,01,Food and non-alcoholic beverages,3.3,0.2
Negeri Sembilan,Negeri Sembilan,2022-04-01,2022,4,April,01,Food and non-alcoholic beverages,3.4,0.2
Pahang,Pahang,2022-04-01,2022,4,April,01,Food and non-alcoholic beverages,2.8,0.1
Perak,Perak,2022-04-01,2022,4,April,01,Food and non-alcoholic beverages,4.2,0.3
Perlis,Perlis,2022-04-01,2022,4,April,01,Food and non-alcoholic beverages,5.1,0.3
Pulau Pinang,Penang,2022-04-01,2022,4,April,01,Food and non-alcoholic beverages,4.4,0.3
Sabah,Sabah,2022-04-01,2022,4,April,01,Food and non-alcoholic beverages,2.7,0.3
Sarawak,Sarawak,2022-04-01,2022,4,April,01,Food and non-alcoholic beverages,3.2,0.1
Selangor,Selangor,2022-04-01,2022,4,April,01,Food and non-alcoholic beverages,5.7,0.5
Terengganu,Terengganu,2022-04-01,2022,4,April,01,Food and non-alcoholic beverages,3.5,0.2
W.P. Kuala Lumpur,Kuala Lumpur,2022-04-01,2022,4,April,01,Food and non-alcoholic beverages,3.3,0.4
W.P. Labuan,Labuan,2022-04-01,2022,4,April,01,Food and non-alcoholic beverages,2.7,0.4
W.P. Putrajaya,Putrajaya,2022-04-01,2022,4,April,01,Food and non-alcoholic beverages,7.0,0.3
Johor,Johor,2022-05-01,2022,5,May,01,Food and non-alcoholic beverages,6.0,1.4
Kedah,Kedah,2022-05-01,2022,5,May,01,Food and non-alcoholic beverages,3.4,0.4
Kelantan,Kelantan,2022-05-01,2022,5,May,01,Food and non-alcoholic beverages,4.2,0.9
Melaka,Melaka,2022-05-01,2022,5,May,01,Food and non-alcoholic beverages,4.0,0.4
Negeri Sembilan,Negeri Sembilan,2022-05-01,2022,5,May,01,Food and non-alcoholic beverages,4.6,0.9
Pahang,Pahang,2022-05-01,2022,5,May,01,Food and non-alcoholic beverages,4.4,0.8
Perak,Perak,2022-05-01,2022,5,May,01,Food and non-alcoholic beverages,5.2,0.8
Perlis,Perlis,2022-05-01,2022,5,May,01,Food and non-alcoholic beverages,5.2,0.2
Pulau Pinang,Penang,2022-05-01,2022,5,May,01,Food and non-alcoholic beverages,5.8,0.9
Sabah,Sabah,2022-05-01,2022,5,May,01,Food and non-alcoholic beverages,3.9,0.9
Sarawak,Sarawak,2022-05-01,2022,5,May,01,Food and non-alcoholic beverages,4.0,0.7
Selangor,Selangor,2022-05-01,2022,5,May,01,Food and non-alcoholic beverages,6.7,0.9
Terengganu,Terengganu,2022-05-01,2022,5,May,01,Food and non-alcoholic beverages,4.1,0.7
W.P. Kuala Lumpur,Kuala Lumpur,2022-05-01,2022,5,May,01,Food and non-alcoholic beverages,4.6,1.1
W.P. Labuan,Labuan,2022-05-01,2022,5,May,01,Food and non-alcoholic beverages,3.8,0.6
W.P. Putrajaya,Putrajaya,2022-05-01,2022,5,May,01,Food and non-alcoholic beverages,8.4,0.8
Johor,Johor,2022-06-01,2022,6,June,01,Food and non-alcoholic beverages,7.3,1.6
Kedah,Kedah,2022-06-01,2022,6,June,01,Food and non-alcoholic beverages,4.0,0.5
Kelantan,Kelantan,2022-06-01,2022,6,June,01,Food and non-alcoholic beverages,5.2,1.0
Melaka,Melaka,2022-06-01,2022,6,June,01,Food and non-alcoholic beverages,4.9,1.1
Negeri Sembilan,Negeri Sembilan,2022-06-01,2022,6,June,01,Food and non-alcoholic beverages,5.5,1.1
Pahang,Pahang,2022-06-01,2022,6,June,01,Food and non-alcoholic beverages,5.1,1.1
Perak,Perak,2022-06-01,2022,6,June,01,Food and non-alcoholic beverages,5.9,1.1
Perlis,Perlis,2022-06-01,2022,6,June,01,Food and non-alcoholic beverages,6.1,1.0
Pulau Pinang,Penang,2022-06-01,2022,6,June,01,Food and non-alcoholic beverages,6.8,1.1
Sabah,Sabah,2022-06-01,2022,6,June,01,Food and non-alcoholic beverages,4.7,1.1
Sarawak,Sarawak,2022-06-01,2022,6,June,01,Food and non-alcoholic beverages,5.5,1.5
Selangor,Selangor,2022-06-01,2022,6,June,01,Food and non-alcoholic beverages,7.5,1.2
Terengganu,Terengganu,2022-06-01,2022,6,June,01,Food and non-alcoholic beverages,5.4,1.3
W.P. Kuala Lumpur,Kuala Lumpur,2022-06-01,2022,6,June,01,Food and non-alcoholic beverages,5.4,0.9
W.P. Labuan,Labuan,2022-06-01,2022,6,June,01,Food and non-alcoholic beverages,4.0,0.4
W.P. Putrajaya,Putrajaya,2022-06-01,2022,6,June,01,Food and non-alcoholic beverages,8.2,0.4
Johor,Johor,2022-07-01,2022,7,July,01,Food and non-alcoholic beverages,7.7,0.3
Kedah,Kedah,2022-07-01,2022,7,July,01,Food and non-alcoholic beverages,4.4,0.4
Kelantan,Kelantan,2022-07-01,2022,7,July,01,Food and non-alcoholic beverages,5.5,0.1
Melaka,Melaka,2022-07-01,2022,7,July,01,Food and non-alcoholic beverages,5.9,1.0
Negeri Sembilan,Negeri Sembilan,2022-07-01,2022,7,July,01,Food and non-alcoholic beverages,5.8,0.6
Pahang,Pahang,2022-07-01,2022,7,July,01,Food and non-alcoholic beverages,5.9,0.8
Perak,Perak,2022-07-01,2022,7,July,01,Food and non-alcoholic beverages,6.3,0.6
Perlis,Perlis,2022-07-01,2022,7,July,01,Food and non-alcoholic beverages,5.6,0.0
Pulau Pinang,Penang,2022-07-01,2022,7,July,01,Food and non-alcoholic beverages,7.7,0.9
Sabah,Sabah,2022-07-01,2022,7,July,01,Food and non-alcoholic beverages,6.3,1.5
Sarawak,Sarawak,2022-07-01,2022,7,July,01,Food and non-alcoholic beverages,6.5,1.0
Selangor,Selangor,2022-07-01,2022,7,July,01,Food and non-alcoholic beverages,8.4,0.9
Terengganu,Terengganu,2022-07-01,2022,7,July,01,Food and non-alcoholic beverages,6.2,0.2
W.P. Kuala Lumpur,Kuala Lumpur,2022-07-01,2022,7,July,01,Food and non-alcoholic beverages,5.9,0.3
W.P. Labuan,Labuan,2022-07-01,2022,7,July,01,Food and non-alcoholic beverages,3.8,0.2
W.P. Putrajaya,Putrajaya,2022-07-01,2022,7,July,01,Food and non-alcoholic beverages,9.4,1.1
Johor,Johor,2022-08-01,2022,8,August,01,Food and non-alcoholic beverages,7.8,0.1
Kedah,Kedah,2022-08-01,2022,8,August,01,Food and non-alcoholic beverages,4.2,0.0
Kelantan,Kelantan,2022-08-01,2022,8,August,01,Food and non-alcoholic beverages,5.3,-0.2
Melaka,Melaka,2022-08-01,2022,8,August,01,Food and non-alcoholic beverages,5.5,0.0
Negeri Sembilan,Negeri Sembilan,2022-08-01,2022,8,August,01,Food and non-alcoholic beverages,5.9,0.2
Pahang,Pahang,2022-08-01,2022,8,August,01,Food and non-alcoholic beverages,6.5,0.5
Perak,Perak,2022-08-01,2022,8,August,01,Food and non-alcoholic beverages,6.8,0.4
Perlis,Perlis,2022-08-01,2022,8,August,01,Food and non-alcoholic beverages,5.2,-0.3
Pulau Pinang,Penang,2022-08-01,2022,8,August,01,Food and non-alcoholic beverages,7.6,0.0
Sabah,Sabah,2022-08-01,2022,8,August,01,Food and non-alcoholic beverages,6.6,0.4
Sarawak,Sarawak,2022-08-01,2022,8,August,01,Food and non-alcoholic beverages,7.0,0.6
Selangor,Selangor,2022-08-01,2022,8,August,01,Food and non-alcoholic beverages,9.1,0.6
Terengganu,Terengganu,2022-08-01,2022,8,August,01,Food and non-alcoholic beverages,6.0,-0.3
W.P. Kuala Lumpur,Kuala Lumpur,2022-08-01,2022,8,August,01,Food and non-alcoholic beverages,6.1,0.4
W.P. Labuan,Labuan,2022-08-01,2022,8,August,01,Food and non-alcoholic beverages,3.4,-0.2
W.P. Putrajaya,Putrajaya,2022-08-01,2022,8,August,01,Food and non-alcoholic beverages,8.7,0.1
Johor,Johor,2022-09-01,2022,9,September,01,Food and non-alcoholic beverages,7.1,0.3
Kedah,Kedah,2022-09-01,2022,9,September,01,Food and non-alcoholic beverages,4.0,0.1
Kelantan,Kelantan,2022-09-01,2022,9,September,01,Food and non-alcoholic beverages,5.2,0.4
Melaka,Melaka,2022-09-01,2022,9,September,01,Food and non-alcoholic beverages,4.9,0.3
Negeri Sembilan,Negeri Sembilan,2022-09-01,2022,9,September,01,Food and non-alcoholic beverages,5.6,0.4
Pahang,Pahang,2022-09-01,2022,9,September,01,Food and non-alcoholic beverages,5.8,0.4
Perak,Perak,2022-09-01,2022,9,September,01,Food and non-alcoholic beverages,5.9,0.2
Perlis,Perlis,2022-09-01,2022,9,September,01,Food and non-alcoholic beverages,4.5,0.5
Pulau Pinang,Penang,2022-09-01,2022,9,September,01,Food and non-alcoholic beverages,7.5,0.3
Sabah,Sabah,2022-09-01,2022,9,September,01,Food and non-alcoholic beverages,6.7,0.2
Sarawak,Sarawak,2022-09-01,2022,9,September,01,Food and non-alcoholic beverages,7.2,0.4
Selangor,Selangor,2022-09-01,2022,9,September,01,Food and non-alcoholic beverages,8.9,0.3
Terengganu,Terengganu,2022-09-01,2022,9,September,01,Food and non-alcoholic beverages,5.7,0.4
W.P. Kuala Lumpur,Kuala Lumpur,2022-09-01,2022,9,September,01,Food and non-alcoholic beverages,6.0,0.3
W.P. Labuan,Labuan,2022-09-01,2022,9,September,01,Food and non-alcoholic beverages,3.8,0.4
W.P. Putrajaya,Putrajaya,2022-09-01,2022,9,September,01,Food and non-alcoholic beverages,6.8,0.3
Johor,Johor,2022-10-01,2022,10,October,01,Food and non-alcoholic beverages,7.3,0.2
Kedah,Kedah,2022-10-01,2022,10,October,01,Food and non-alcoholic beverages,4.3,0.4
Kelantan,Kelantan,2022-10-01,2022,10,October,01,Food and non-alcoholic beverages,5.3,0.4
Melaka,Melaka,2022-10-01,2022,10,October,01,Food and non-alcoholic beverages,5.6,0.7
Negeri Sembilan,Negeri Sembilan,2022-10-01,2022,10,October,01,Food and non-alcoholic beverages,5.5,0.3
Pahang,Pahang,2022-10-01,2022,10,October,01,Food and non-alcoholic beverages,6.2,0.4
Perak,Perak,2022-10-01,2022,10,October,01,Food and non-alcoholic beverages,6.3,0.4
Perlis,Perlis,2022-10-01,2022,10,October,01,Food and non-alcoholic beverages,6.1,1.4
Pulau Pinang,Penang,2022-10-01,2022,10,October,01,Food and non-alcoholic beverages,7.6,0.3
Sabah,Sabah,2022-10-01,2022,10,October,01,Food and non-alcoholic beverages,7.2,0.6
Sarawak,Sarawak,2022-10-01,2022,10,October,01,Food and non-alcoholic beverages,7.8,0.6
Selangor,Selangor,2022-10-01,2022,10,October,01,Food and non-alcoholic beverages,8.8,0.5
Terengganu,Terengganu,2022-10-01,2022,10,October,01,Food and non-alcoholic beverages,5.9,0.6
W.P. Kuala Lumpur,Kuala Lumpur,2022-10-01,2022,10,October,01,Food and non-alcoholic beverages,6.9,0.7
W.P. Labuan,Labuan,2022-10-01,2022,10,October,01,Food and non-alcoholic beverages,4.1,0.4
W.P. Putrajaya,Putrajaya,2022-10-01,2022,10,October,01,Food and non-alcoholic beverages,7.6,0.7
Johor,Johor,2022-11-01,2022,11,November,01,Food and non-alcoholic beverages,7.6,1.0
Kedah,Kedah,2022-11-01,2022,11,November,01,Food and non-alcoholic beverages,4.2,0.5
Kelantan,Kelantan,2022-11-01,2022,11,November,01,Food and non-alcoholic beverages,5.4,0.5
Melaka,Melaka,2022-11-01,2022,11,November,01,Food and non-alcoholic beverages,5.7,0.6
Negeri Sembilan,Negeri Sembilan,2022-11-01,2022,11,November,01,Food and non-alcoholic beverages,6.2,1.0
Pahang,Pahang,2022-11-01,2022,11,November,01,Food and non-alcoholic beverages,6.8,1.0
Perak,Perak,2022-11-01,2022,11,November,01,Food and non-alcoholic beverages,6.7,0.7
Perlis,Perlis,2022-11-01,2022,11,November,01,Food and non-alcoholic beverages,5.3,0.0
Pulau Pinang,Penang,2022-11-01,2022,11,November,01,Food and non-alcoholic beverages,7.1,0.7
Sabah,Sabah,2022-11-01,2022,11,November,01,Food and non-alcoholic beverages,7.4,0.4
Sarawak,Sarawak,2022-11-01,2022,11,November,01,Food and non-alcoholic beverages,8.5,0.9
Selangor,Selangor,2022-11-01,2022,11,November,01,Food and non-alcoholic beverages,9.0,1.0
Terengganu,Terengganu,2022-11-01,2022,11,November,01,Food and non-alcoholic beverages,5.9,0.5
W.P. Kuala Lumpur,Kuala Lumpur,2022-11-01,2022,11,November,01,Food and non-alcoholic beverages,6.7,0.6
W.P. Labuan,Labuan,2022-11-01,2022,11,November,01,Food and non-alcoholic beverages,4.0,0.2
W.P. Putrajaya,Putrajaya,2022-11-01,2022,11,November,01,Food and non-alcoholic beverages,8.8,1.7
Johor,Johor,2022-12-01,2022,12,December,01,Food and non-alcoholic beverages,6.9,0.4
Kedah,Kedah,2022-12-01,2022,12,December,01,Food and non-alcoholic beverages,3.4,0.3
Kelantan,Kelantan,2022-12-01,2022,12,December,01,Food and non-alcoholic beverages,4.6,0.4
Melaka,Melaka,2022-12-01,2022,12,December,01,Food and non-alcoholic beverages,5.9,0.5
Negeri Sembilan,Negeri Sembilan,2022-12-01,2022,12,December,01,Food and non-alcoholic beverages,6.1,0.5
Pahang,Pahang,2022-12-01,2022,12,December,01,Food and non-alcoholic beverages,6.0,0.4
Perak,Perak,2022-12-01,2022,12,December,01,Food and non-alcoholic beverages,6.1,0.5
Perlis,Perlis,2022-12-01,2022,12,December,01,Food and non-alcoholic beverages,4.2,0.2
Pulau Pinang,Penang,2022-12-01,2022,12,December,01,Food and non-alcoholic beverages,6.5,0.7
Sabah,Sabah,2022-12-01,2022,12,December,01,Food and non-alcoholic beverages,7.4,0.4
Sarawak,Sarawak,2022-12-01,2022,12,December,01,Food and non-alcoholic beverages,8.4,0.6
Selangor,Selangor,2022-12-01,2022,12,December,01,Food and non-alcoholic beverages,8.4,0.8
Terengganu,Terengganu,2022-12-01,2022,12,December,01,Food and non-alcoholic beverages,5.3,0.3
W.P. Kuala Lumpur,Kuala Lumpur,2022-12-01,2022,12,December,01,Food and non-alcoholic beverages,6.2,0.4
W.P. Labuan,Labuan,2022-12-01,2022,12,December,01,Food and non-alcoholic beverages,3.9,0.5
W.P. Putrajaya,Putrajaya,2022-12-01,2022,12,December,01,Food and non-alcoholic beverages,7.5,0.6
Johor,Johor,2023-01-01,2023,1,January,01,Food and non-alcoholic beverages,6.8,0.5
Kedah,Kedah,2023-01-01,2023,1,January,01,Food and non-alcoholic beverages,3.7,0.5
Kelantan,Kelantan,2023-01-01,2023,1,January,01,Food and non-alcoholic beverages,4.7,0.4
Melaka,Melaka,2023-01-01,2023,1,January,01,Food and non-alcoholic beverages,5.8,0.7
Negeri Sembilan,Negeri Sembilan,2023-01-01,2023,1,January,01,Food and non-alcoholic beverages,6.6,0.5
Pahang,Pahang,2023-01-01,2023,1,January,01,Food and non-alcoholic beverages,6.6,0.5
Perak,Perak,2023-01-01,2023,1,January,01,Food and non-alcoholic beverages,6.3,0.6
Perlis,Perlis,2023-01-01,2023,1,January,01,Food and non-alcoholic beverages,4.6,0.4
Pulau Pinang,Penang,2023-01-01,2023,1,January,01,Food and non-alcoholic beverages,6.9,0.9
Sabah,Sabah,2023-01-01,2023,1,January,01,Food and non-alcoholic beverages,6.4,0.4
Sarawak,Sarawak,2023-01-01,2023,1,January,01,Food and non-alcoholic beverages,8.4,0.6
Selangor,Selangor,2023-01-01,2023,1,January,01,Food and non-alcoholic beverages,8.1,0.5
Terengganu,Terengganu,2023-01-01,2023,1,January,01,Food and non-alcoholic beverages,5.2,0.6
W.P. Kuala Lumpur,Kuala Lumpur,2023-01-01,2023,1,January,01,Food and non-alcoholic beverages,6.2,0.7
W.P. Labuan,Labuan,2023-01-01,2023,1,January,01,Food and non-alcoholic beverages,3.6,0.5
W.P. Putrajaya,Putrajaya,2023-01-01,2023,1,January,01,Food and non-alcoholic beverages,7.4,0.5
Johor,Johor,2023-02-01,2023,2,February,01,Food and non-alcoholic beverages,7.5,0.6
Kedah,Kedah,2023-02-01,2023,2,February,01,Food and non-alcoholic beverages,3.7,0.2
Kelantan,Kelantan,2023-02-01,2023,2,February,01,Food and non-alcoholic beverages,4.9,0.3
Melaka,Melaka,2023-02-01,2023,2,February,01,Food and non-alcoholic beverages,6.3,0.4
Negeri Sembilan,Negeri Sembilan,2023-02-01,2023,2,February,01,Food and non-alcoholic beverages,6.8,0.5
Pahang,Pahang,2023-02-01,2023,2,February,01,Food and non-alcoholic beverages,7.4,0.6
Perak,Perak,2023-02-01,2023,2,February,01,Food and non-alcoholic beverages,7.0,0.6
Perlis,Perlis,2023-02-01,2023,2,February,01,Food and non-alcoholic beverages,4.3,0.1
Pulau Pinang,Penang,2023-02-01,2023,2,February,01,Food and non-alcoholic beverages,6.9,0.1
Sabah,Sabah,2023-02-01,2023,2,February,01,Food and non-alcoholic beverages,6.2,0.3
Sarawak,Sarawak,2023-02-01,2023,2,February,01,Food and non-alcoholic beverages,8.1,0.5
Selangor,Selangor,2023-02-01,2023,2,February,01,Food and non-alcoholic beverages,8.6,0.6
Terengganu,Terengganu,2023-02-01,2023,2,February,01,Food and non-alcoholic beverages,5.3,0.4
W.P. Kuala Lumpur,Kuala Lumpur,2023-02-01,2023,2,February,01,Food and non-alcoholic beverages,6.1,0.1
W.P. Labuan,Labuan,2023-02-01,2023,2,February,01,Food and non-alcoholic beverages,3.7,0.6
W.P. Putrajaya,Putrajaya,2023-02-01,2023,2,February,01,Food and non-alcoholic beverages,6.9,0.2
Johor,Johor,2023-03-01,2023,3,March,01,Food and non-alcoholic beverages,6.9,-0.1
Kedah,Kedah,2023-03-01,2023,3,March,01,Food and non-alcoholic beverages,3.6,0.1
Kelantan,Kelantan,2023-03-01,2023,3,March,01,Food and non-alcoholic beverages,4.8,0.2
Melaka,Melaka,2023-03-01,2023,3,March,01,Food and non-alcoholic beverages,6.2,0.1
Negeri Sembilan,Negeri Sembilan,2023-03-01,2023,3,March,01,Food and non-alcoholic beverages,6.6,0.1
Pahang,Pahang,2023-03-01,2023,3,March,01,Food and non-alcoholic beverages,6.9,0.1
Perak,Perak,2023-03-01,2023,3,March,01,Food and non-alcoholic beverages,6.8,0.2
Perlis,Perlis,2023-03-01,2023,3,March,01,Food and non-alcoholic beverages,4.1,0.1
Pulau Pinang,Penang,2023-03-01,2023,3,March,01,Food and non-alcoholic beverages,6.3,0.1
Sabah,Sabah,2023-03-01,2023,3,March,01,Food and non-alcoholic beverages,6.8,0.1
Sarawak,Sarawak,2023-03-01,2023,3,March,01,Food and non-alcoholic beverages,8.2,0.3
Selangor,Selangor,2023-03-01,2023,3,March,01,Food and non-alcoholic beverages,8.3,0.1
Terengganu,Terengganu,2023-03-01,2023,3,March,01,Food and non-alcoholic beverages,5.2,0.2
W.P. Kuala Lumpur,Kuala Lumpur,2023-03-01,2023,3,March,01,Food and non-alcoholic beverages,6.2,0.1
W.P. Labuan,Labuan,2023-03-01,2023,3,March,01,Food and non-alcoholic beverages,4.0,-0.1
W.P. Putrajaya,Putrajaya,2023-03-01,2023,3,March,01,Food and non-alcoholic beverages,7.3,0.4
Johor,Johor,2023-04-01,2023,4,April,01,Food and non-alcoholic beverages,6.1,-0.4
Kedah,Kedah,2023-04-01,2023,4,April,01,Food and non-alcoholic beverages,3.3,-0.1
Kelantan,Kelantan,2023-04-01,2023,4,April,01,Food and non-alcoholic beverages,4.3,-0.1
Melaka,Melaka,2023-04-01,2023,4,April,01,Food and non-alcoholic beverages,6.0,0.0
Negeri Sembilan,Negeri Sembilan,2023-04-01,2023,4,April,01,Food and non-alcoholic beverages,6.1,-0.3
Pahang,Pahang,2023-04-01,2023,4,April,01,Food and non-alcoholic beverages,6.4,-0.3
Perak,Perak,2023-04-01,2023,4,April,01,Food and non-alcoholic beverages,6.3,-0.1
Perlis,Perlis,2023-04-01,2023,4,April,01,Food and non-alcoholic beverages,3.9,0.1
Pulau Pinang,Penang,2023-04-01,2023,4,April,01,Food and non-alcoholic beverages,6.1,0.0
Sabah,Sabah,2023-04-01,2023,4,April,01,Food and non-alcoholic beverages,6.2,-0.2
Sarawak,Sarawak,2023-04-01,2023,4,April,01,Food and non-alcoholic beverages,8.0,0.0
Selangor,Selangor,2023-04-01,2023,4,April,01,Food and non-alcoholic beverages,7.5,-0.1
Terengganu,Terengganu,2023-04-01,2023,4,April,01,Food and non-alcoholic beverages,4.7,-0.2
W.P. Kuala Lumpur,Kuala Lumpur,2023-04-01,2023,4,April,01,Food and non-alcoholic beverages,5.8,0.0
W.P. Labuan,Labuan,2023-04-01,2023,4,April,01,Food and non-alcoholic beverages,3.8,0.2
W.P. Putrajaya,Putrajaya,2023-04-01,2023,4,April,01,Food and non-alcoholic beverages,7.0,-0.1
Johor,Johor,2023-05-01,2023,5,May,01,Food and non-alcoholic beverages,5.1,0.4
Kedah,Kedah,2023-05-01,2023,5,May,01,Food and non-alcoholic beverages,3.2,0.4
Kelantan,Kelantan,2023-05-01,2023,5,May,01,Food and non-alcoholic beverages,3.6,0.1
Melaka,Melaka,2023-05-01,2023,5,May,01,Food and non-alcoholic beverages,6.1,0.5
Negeri Sembilan,Negeri Sembilan,2023-05-01,2023,5,May,01,Food and non-alcoholic beverages,5.5,0.4
Pahang,Pahang,2023-05-01,2023,5,May,01,Food and non-alcoholic beverages,6.0,0.4
Perak,Perak,2023-05-01,2023,5,May,01,Food and non-alcoholic beverages,5.9,0.4
Perlis,Perlis,2023-05-01,2023,5,May,01,Food and non-alcoholic beverages,3.9,0.1
Pulau Pinang,Penang,2023-05-01,2023,5,May,01,Food and non-alcoholic beverages,5.7,0.6
Sabah,Sabah,2023-05-01,2023,5,May,01,Food and non-alcoholic beverages,5.5,0.1
Sarawak,Sarawak,2023-05-01,2023,5,May,01,Food and non-alcoholic beverages,7.6,0.3
Selangor,Selangor,2023-05-01,2023,5,May,01,Food and non-alcoholic beverages,7.3,0.7
Terengganu,Terengganu,2023-05-01,2023,5,May,01,Food and non-alcoholic beverages,4.1,0.1
W.P. Kuala Lumpur,Kuala Lumpur,2023-05-01,2023,5,May,01,Food and non-alcoholic beverages,5.2,0.5
W.P. Labuan,Labuan,2023-05-01,2023,5,May,01,Food and non-alcoholic beverages,3.2,0.1
W.P. Putrajaya,Putrajaya,2023-05-01,2023,5,May,01,Food and non-alcoholic beverages,7.1,1.0
Johor,Johor,2023-06-01,2023,6,June,01,Food and non-alcoholic beverages,3.4,0.0
Kedah,Kedah,2023-06-01,2023,6,June,01,Food and non-alcoholic beverages,3.0,0.3
Kelantan,Kelantan,2023-06-01,2023,6,June,01,Food and non-alcoholic beverages,2.8,0.2
Melaka,Melaka,2023-06-01,2023,6,June,01,Food and non-alcoholic beverages,5.0,0.1
Negeri Sembilan,Negeri Sembilan,2023-06-01,2023,6,June,01,Food and non-alcoholic beverages,4.4,0.1
Pahang,Pahang,2023-06-01,2023,6,June,01,Food and non-alcoholic beverages,5.4,0.5
Perak,Perak,2023-06-01,2023,6,June,01,Food and non-alcoholic beverages,4.7,0.0
Perlis,Perlis,2023-06-01,2023,6,June,01,Food and non-alcoholic beverages,3.1,0.2
Pulau Pinang,Penang,2023-06-01,2023,6,June,01,Food and non-alcoholic beverages,4.5,0.0
Sabah,Sabah,2023-06-01,2023,6,June,01,Food and non-alcoholic beverages,4.2,-0.1
Sarawak,Sarawak,2023-06-01,2023,6,June,01,Food and non-alcoholic beverages,6.4,0.3
Selangor,Selangor,2023-06-01,2023,6,June,01,Food and non-alcoholic beverages,6.1,0.1
Terengganu,Terengganu,2023-06-01,2023,6,June,01,Food and non-alcoholic beverages,3.1,0.2
W.P. Kuala Lumpur,Kuala Lumpur,2023-06-01,2023,6,June,01,Food and non-alcoholic beverages,4.2,0.0
W.P. Labuan,Labuan,2023-06-01,2023,6,June,01,Food and non-alcoholic beverages,3.4,0.6
W.P. Putrajaya,Putrajaya,2023-06-01,2023,6,June,01,Food and non-alcoholic beverages,7.1,0.3
Johor,Johor,2023-07-01,2023,7,July,01,Food and non-alcoholic beverages,3.4,0.3
Kedah,Kedah,2023-07-01,2023,7,July,01,Food and non-alcoholic beverages,2.8,0.1
Kelantan,Kelantan,2023-07-01,2023,7,July,01,Food and non-alcoholic beverages,2.9,0.2
Melaka,Melaka,2023-07-01,2023,7,July,01,Food and non-alcoholic beverages,4.4,0.4
Negeri Sembilan,Negeri Sembilan,2023-07-01,2023,7,July,01,Food and non-alcoholic beverages,4.0,0.2
Pahang,Pahang,2023-07-01,2023,7,July,01,Food and non-alcoholic beverages,4.8,0.2
Perak,Perak,2023-07-01,2023,7,July,01,Food and non-alcoholic beverages,4.5,0.3
Perlis,Perlis,2023-07-01,2023,7,July,01,Food and non-alcoholic beverages,3.4,0.4
Pulau Pinang,Penang,2023-07-01,2023,7,July,01,Food and non-alcoholic beverages,4.0,0.4
Sabah,Sabah,2023-07-01,2023,7,July,01,Food and non-alcoholic beverages,3.0,0.4
Sarawak,Sarawak,2023-07-01,2023,7,July,01,Food and non-alcoholic beverages,5.5,0.2
Selangor,Selangor,2023-07-01,2023,7,July,01,Food and non-alcoholic beverages,5.6,0.5
Terengganu,Terengganu,2023-07-01,2023,7,July,01,Food and non-alcoholic beverages,3.2,0.4
W.P. Kuala Lumpur,Kuala Lumpur,2023-07-01,2023,7,July,01,Food and non-alcoholic beverages,4.1,0.3
W.P. Labuan,Labuan,2023-07-01,2023,7,July,01,Food and non-alcoholic beverages,3.5,0.3
W.P. Putrajaya,Putrajaya,2023-07-01,2023,7,July,01,Food and non-alcoholic beverages,6.0,0.1
Johor,Johor,2023-08-01,2023,8,August,01,Food and non-alcoholic beverages,3.4,0.1
Kedah,Kedah,2023-08-01,2023,8,August,01,Food and non-alcoholic beverages,2.7,-0.1
Kelantan,Kelantan,2023-08-01,2023,8,August,01,Food and non-alcoholic beverages,3.0,-0.1
Melaka,Melaka,2023-08-01,2023,8,August,01,Food and non-alcoholic beverages,4.4,0.1
Negeri Sembilan,Negeri Sembilan,2023-08-01,2023,8,August,01,Food and non-alcoholic beverages,4.0,0.2
Pahang,Pahang,2023-08-01,2023,8,August,01,Food and non-alcoholic beverages,4.1,-0.2
Perak,Perak,2023-08-01,2023,8,August,01,Food and non-alcoholic beverages,4.0,0.0
Perlis,Perlis,2023-08-01,2023,8,August,01,Food and non-alcoholic beverages,4.7,0.9
Pulau Pinang,Penang,2023-08-01,2023,8,August,01,Food and non-alcoholic beverages,4.2,0.1
Sabah,Sabah,2023-08-01,2023,8,August,01,Food and non-alcoholic beverages,2.9,0.3
Sarawak,Sarawak,2023-08-01,2023,8,August,01,Food and non-alcoholic beverages,5.0,0.1
Selangor,Selangor,2023-08-01,2023,8,August,01,Food and non-alcoholic beverages,5.3,0.3
Terengganu,Terengganu,2023-08-01,2023,8,August,01,Food and non-alcoholic beverages,3.3,-0.1
W.P. Kuala Lumpur,Kuala Lumpur,2023-08-01,2023,8,August,01,Food and non-alcoholic beverages,3.7,0.0
W.P. Labuan,Labuan,2023-08-01,2023,8,August,01,Food and non-alcoholic beverages,4.2,0.4
W.P. Putrajaya,Putrajaya,2023-08-01,2023,8,August,01,Food and non-alcoholic beverages,5.7,-0.2
Johor,Johor,2023-09-01,2023,9,September,01,Food and non-alcoholic beverages,3.2,0.1
Kedah,Kedah,2023-09-01,2023,9,September,01,Food and non-alcoholic beverages,2.6,0.1
Kelantan,Kelantan,2023-09-01,2023,9,September,01,Food and non-alcoholic beverages,2.5,-0.1
Melaka,Melaka,2023-09-01,2023,9,September,01,Food and non-alcoholic beverages,4.1,0.0
Negeri Sembilan,Negeri Sembilan,2023-09-01,2023,9,September,01,Food and non-alcoholic beverages,3.6,0.0
Pahang,Pahang,2023-09-01,2023,9,September,01,Food and non-alcoholic beverages,3.5,-0.1
Perak,Perak,2023-09-01,2023,9,September,01,Food and non-alcoholic beverages,3.8,0.0
Perlis,Perlis,2023-09-01,2023,9,September,01,Food and non-alcoholic beverages,3.7,-0.4
Pulau Pinang,Penang,2023-09-01,2023,9,September,01,Food and non-alcoholic beverages,4.5,0.6
Sabah,Sabah,2023-09-01,2023,9,September,01,Food and non-alcoholic beverages,3.0,0.3
Sarawak,Sarawak,2023-09-01,2023,9,September,01,Food and non-alcoholic beverages,5.2,0.5
Selangor,Selangor,2023-09-01,2023,9,September,01,Food and non-alcoholic beverages,4.9,0.0
Terengganu,Terengganu,2023-09-01,2023,9,September,01,Food and non-alcoholic beverages,3.0,0.1
W.P. Kuala Lumpur,Kuala Lumpur,2023-09-01,2023,9,September,01,Food and non-alcoholic beverages,3.3,-0.1
W.P. Labuan,Labuan,2023-09-01,2023,9,September,01,Food and non-alcoholic beverages,3.9,0.1
W.P. Putrajaya,Putrajaya,2023-09-01,2023,9,September,01,Food and non-alcoholic beverages,5.9,0.5
Johor,Johor,2023-10-01,2023,10,October,01,Food and non-alcoholic beverages,3.0,0.0
Kedah,Kedah,2023-10-01,2023,10,October,01,Food and non-alcoholic beverages,2.3,0.1
Kelantan,Kelantan,2023-10-01,2023,10,October,01,Food and non-alcoholic beverages,2.2,0.1
Melaka,Melaka,2023-10-01,2023,10,October,01,Food and non-alcoholic beverages,3.7,0.3
Negeri Sembilan,Negeri Sembilan,2023-10-01,2023,10,October,01,Food and non-alcoholic beverages,3.4,0.1
Pahang,Pahang,2023-10-01,2023,10,October,01,Food and non-alcoholic beverages,3.2,0.1
Perak,Perak,2023-10-01,2023,10,October,01,Food and non-alcoholic beverages,3.4,0.0
Perlis,Perlis,2023-10-01,2023,10,October,01,Food and non-alcoholic beverages,2.6,0.2
Pulau Pinang,Penang,2023-10-01,2023,10,October,01,Food and non-alcoholic beverages,4.5,0.4
Sabah,Sabah,2023-10-01,2023,10,October,01,Food and non-alcoholic beverages,2.4,0.0
Sarawak,Sarawak,2023-10-01,2023,10,October,01,Food and non-alcoholic beverages,4.8,0.3
Selangor,Selangor,2023-10-01,2023,10,October,01,Food and non-alcoholic beverages,4.7,0.2
Terengganu,Terengganu,2023-10-01,2023,10,October,01,Food and non-alcoholic beverages,2.4,0.1
W.P. Kuala Lumpur,Kuala Lumpur,2023-10-01,2023,10,October,01,Food and non-alcoholic beverages,2.5,0.0
W.P. Labuan,Labuan,2023-10-01,2023,10,October,01,Food and non-alcoholic beverages,3.6,0.1
W.P. Putrajaya,Putrajaya,2023-10-01,2023,10,October,01,Food and non-alcoholic beverages,5.2,0.1
Johor,Johor,2023-11-01,2023,11,November,01,Food and non-alcoholic beverages,1.7,-0.3
Kedah,Kedah,2023-11-01,2023,11,November,01,Food and non-alcoholic beverages,1.8,0.0
Kelantan,Kelantan,2023-11-01,2023,11,November,01,Food and non-alcoholic beverages,1.3,-0.5
Melaka,Melaka,2023-11-01,2023,11,November,01,Food and non-alcoholic beverages,2.2,-0.8
Negeri Sembilan,Negeri Sembilan,2023-11-01,2023,11,November,01,Food and non-alcoholic beverages,2.0,-0.3
Pahang,Pahang,2023-11-01,2023,11,November,01,Food and non-alcoholic beverages,2.2,0.0
Perak,Perak,2023-11-01,2023,11,November,01,Food and non-alcoholic beverages,2.5,-0.1
Perlis,Perlis,2023-11-01,2023,11,November,01,Food and non-alcoholic beverages,2.2,-0.4
Pulau Pinang,Penang,2023-11-01,2023,11,November,01,Food and non-alcoholic beverages,3.7,-0.2
Sabah,Sabah,2023-11-01,2023,11,November,01,Food and non-alcoholic beverages,1.5,-0.5
Sarawak,Sarawak,2023-11-01,2023,11,November,01,Food and non-alcoholic beverages,3.6,-0.3
Selangor,Selangor,2023-11-01,2023,11,November,01,Food and non-alcoholic beverages,3.5,-0.1
Terengganu,Terengganu,2023-11-01,2023,11,November,01,Food and non-alcoholic beverages,1.5,-0.4
W.P. Kuala Lumpur,Kuala Lumpur,2023-11-01,2023,11,November,01,Food and non-alcoholic beverages,1.4,-0.5
W.P. Labuan,Labuan,2023-11-01,2023,11,November,01,Food and non-alcoholic beverages,3.4,0.1
W.P. Putrajaya,Putrajaya,2023-11-01,2023,11,November,01,Food and non-alcoholic beverages,3.0,-0.4
Johor,Johor,2023-12-01,2023,12,December,01,Food and non-alcoholic beverages,1.8,0.6
Kedah,Kedah,2023-12-01,2023,12,December,01,Food and non-alcoholic beverages,1.8,0.3
Kelantan,Kelantan,2023-12-01,2023,12,December,01,Food and non-alcoholic beverages,1.5,0.6
Melaka,Melaka,2023-12-01,2023,12,December,01,Food and non-alcoholic beverages,1.9,0.3
Negeri Sembilan,Negeri Sembilan,2023-12-01,2023,12,December,01,Food and non-alcoholic beverages,1.7,0.2
Pahang,Pahang,2023-12-01,2023,12,December,01,Food and non-alcoholic beverages,2.4,0.5
Perak,Perak,2023-12-01,2023,12,December,01,Food and non-alcoholic beverages,2.2,0.2
Perlis,Perlis,2023-12-01,2023,12,December,01,Food and non-alcoholic beverages,2.3,0.4
Pulau Pinang,Penang,2023-12-01,2023,12,December,01,Food and non-alcoholic beverages,3.3,0.3
Sabah,Sabah,2023-12-01,2023,12,December,01,Food and non-alcoholic beverages,1.1,0.1
Sarawak,Sarawak,2023-12-01,2023,12,December,01,Food and non-alcoholic beverages,2.9,0.0
Selangor,Selangor,2023-12-01,2023,12,December,01,Food and non-alcoholic beverages,3.0,0.2
Terengganu,Terengganu,2023-12-01,2023,12,December,01,Food and non-alcoholic beverages,2.0,0.8
W.P. Kuala Lumpur,Kuala Lumpur,2023-12-01,2023,12,December,01,Food and non-alcoholic beverages,1.1,0.1
W.P. Labuan,Labuan,2023-12-01,2023,12,December,01,Food and non-alcoholic beverages,3.3,0.4
W.P. Putrajaya,Putrajaya,2023-12-01,2023,12,December,01,Food and non-alcoholic beverages,3.1,0.6
Johor,Johor,2024-01-01,2024,1,January,01,Food and non-alcoholic beverages,1.8,0.5
Kedah,Kedah,2024-01-01,2024,1,January,01,Food and non-alcoholic beverages,1.7,0.4
Kelantan,Kelantan,2024-01-01,2024,1,January,01,Food and non-alcoholic beverages,1.3,0.3
Melaka,Melaka,2024-01-01,2024,1,January,01,Food and non-alcoholic beverages,1.5,0.3
Negeri Sembilan,Negeri Sembilan,2024-01-01,2024,1,January,01,Food and non-alcoholic beverages,1.3,0.1
Pahang,Pahang,2024-01-01,2024,1,January,01,Food and non-alcoholic beverages,3.0,1.2
Perak,Perak,2024-01-01,2024,1,January,01,Food and non-alcoholic beverages,1.3,-0.3
Perlis,Perlis,2024-01-01,2024,1,January,01,Food and non-alcoholic beverages,1.9,0.1
Pulau Pinang,Penang,2024-01-01,2024,1,January,01,Food and non-alcoholic beverages,2.7,0.3
Sabah,Sabah,2024-01-01,2024,1,January,01,Food and non-alcoholic beverages,1.2,0.4
Sarawak,Sarawak,2024-01-01,2024,1,January,01,Food and non-alcoholic beverages,2.7,0.3
Selangor,Selangor,2024-01-01,2024,1,January,01,Food and non-alcoholic beverages,2.6,0.1
Terengganu,Terengganu,2024-01-01,2024,1,January,01,Food and non-alcoholic beverages,1.4,0.0
W.P. Kuala Lumpur,Kuala Lumpur,2024-01-01,2024,1,January,01,Food and non-alcoholic beverages,1.2,0.8
W.P. Labuan,Labuan,2024-01-01,2024,1,January,01,Food and non-alcoholic beverages,3.6,0.7
W.P. Putrajaya,Putrajaya,2024-01-01,2024,1,January,01,Food and non-alcoholic beverages,2.8,0.3
Johor,Johor,2024-02-01,2024,2,February,01,Food and non-alcoholic beverages,1.3,0.1
Kedah,Kedah,2024-02-01,2024,2,February,01,Food and non-alcoholic beverages,0.9,-0.6
Kelantan,Kelantan,2024-02-01,2024,2,February,01,Food and non-alcoholic beverages,1.2,0.3
Melaka,Melaka,2024-02-01,2024,2,February,01,Food and non-alcoholic beverages,1.1,0.0
Negeri Sembilan,Negeri Sembilan,2024-02-01,2024,2,February,01,Food and non-alcoholic beverages,0.6,-0.1
Pahang,Pahang,2024-02-01,2024,2,February,01,Food and non-alcoholic beverages,2.1,-0.3
Perak,Perak,2024-02-01,2024,2,February,01,Food and non-alcoholic beverages,0.9,0.3
Perlis,Perlis,2024-02-01,2024,2,February,01,Food and non-alcoholic beverages,2.2,0.4
Pulau Pinang,Penang,2024-02-01,2024,2,February,01,Food and non-alcoholic beverages,2.5,-0.1
Sabah,Sabah,2024-02-01,2024,2,February,01,Food and non-alcoholic beverages,1.2,0.3
Sarawak,Sarawak,2024-02-01,2024,2,February,01,Food and non-alcoholic beverages,2.2,0.1
Selangor,Selangor,2024-02-01,2024,2,February,01,Food and non-alcoholic beverages,3.0,1.0
Terengganu,Terengganu,2024-02-01,2024,2,February,01,Food and non-alcoholic beverages,1.6,0.5
W.P. Kuala Lumpur,Kuala Lumpur,2024-02-01,2024,2,February,01,Food and non-alcoholic beverages,1.0,-0.1
W.P. Labuan,Labuan,2024-02-01,2024,2,February,01,Food and non-alcoholic beverages,2.3,-0.7
W.P. Putrajaya,Putrajaya,2024-02-01,2024,2,February,01,Food and non-alcoholic beverages,3.2,0.6
Johor,Johor,2024-03-01,2024,3,March,01,Food and non-alcoholic beverages,1.1,-0.2
Kedah,Kedah,2024-03-01,2024,3,March,01,Food and non-alcoholic beverages,0.8,0.0
Kelantan,Kelantan,2024-03-01,2024,3,March,01,Food and non-alcoholic beverages,0.8,-0.2
Melaka,Melaka,2024-03-01,2024,3,March,01,Food and non-alcoholic beverages,0.9,-0.1
Negeri Sembilan,Negeri Sembilan,2024-03-01,2024,3,March,01,Food and non-alcoholic beverages,0.4,-0.1
Pahang,Pahang,2024-03-01,2024,3,March,01,Food and non-alcoholic beverages,1.4,-0.6
Perak,Perak,2024-03-01,2024,3,March,01,Food and non-alcoholic beverages,0.6,-0.1
Perlis,Perlis,2024-03-01,2024,3,March,01,Food and non-alcoholic beverages,2.1,0.0
Pulau Pinang,Penang,2024-03-01,2024,3,March,01,Food and non-alcoholic beverages,2.8,0.4
Sabah,Sabah,2024-03-01,2024,3,March,01,Food and non-alcoholic beverages,1.0,-0.1
Sarawak,Sarawak,2024-03-01,2024,3,March,01,Food and non-alcoholic beverages,2.1,0.2
Selangor,Selangor,2024-03-01,2024,3,March,01,Food and non-alcoholic beverages,3.2,0.2
Terengganu,Terengganu,2024-03-01,2024,3,March,01,Food and non-alcoholic beverages,1.4,0.1
W.P. Kuala Lumpur,Kuala Lumpur,2024-03-01,2024,3,March,01,Food and non-alcoholic beverages,0.7,-0.1
W.P. Labuan,Labuan,2024-03-01,2024,3,March,01,Food and non-alcoholic beverages,2.0,-0.3
W.P. Putrajaya,Putrajaya,2024-03-01,2024,3,March,01,Food and non-alcoholic beverages,2.6,-0.2
Johor,Johor,2024-04-01,2024,4,April,01,Food and non-alcoholic beverages,1.3,-0.2
Kedah,Kedah,2024-04-01,2024,4,April,01,Food and non-alcoholic beverages,0.6,-0.3
Kelantan,Kelantan,2024-04-01,2024,4,April,01,Food and non-alcoholic beverages,1.0,0.1
Melaka,Melaka,2024-04-01,2024,4,April,01,Food and non-alcoholic beverages,0.9,0.0
Negeri Sembilan,Negeri Sembilan,2024-04-01,2024,4,April,01,Food and non-alcoholic beverages,0.7,0.0
Pahang,Pahang,2024-04-01,2024,4,April,01,Food and non-alcoholic beverages,1.7,0.0
Perak,Perak,2024-04-01,2024,4,April,01,Food and non-alcoholic beverages,0.6,-0.1
Perlis,Perlis,2024-04-01,2024,4,April,01,Food and non-alcoholic beverages,1.7,-0.2
Pulau Pinang,Penang,2024-04-01,2024,4,April,01,Food and non-alcoholic beverages,3.1,0.3
Sabah,Sabah,2024-04-01,2024,4,April,01,Food and non-alcoholic beverages,1.6,0.4
Sarawak,Sarawak,2024-04-01,2024,4,April,01,Food and non-alcoholic beverages,2.1,0.1
Selangor,Selangor,2024-04-01,2024,4,April,01,Food and non-alcoholic beverages,3.7,0.4
Terengganu,Terengganu,2024-04-01,2024,4,April,01,Food and non-alcoholic beverages,1.5,-0.1
W.P. Kuala Lumpur,Kuala Lumpur,2024-04-01,2024,4,April,01,Food and non-alcoholic beverages,0.8,0.1
W.P. Labuan,Labuan,2024-04-01,2024,4,April,01,Food and non-alcoholic beverages,1.6,-0.3
W.P. Putrajaya,Putrajaya,2024-04-01,2024,4,April,01,Food and non-alcoholic beverages,2.9,0.2
Johor,Johor,2024-05-01,2024,5,May,01,Food and non-alcoholic beverages,1.3,0.4
Kedah,Kedah,2024-05-01,2024,5,May,01,Food and non-alcoholic beverages,0.6,0.4
Kelantan,Kelantan,2024-05-01,2024,5,May,01,Food and non-alcoholic beverages,1.0,0.1
Melaka,Melaka,2024-05-01,2024,5,May,01,Food and non-alcoholic beverages,0.7,0.3
Negeri Sembilan,Negeri Sembilan,2024-05-01,2024,5,May,01,Food and non-alcoholic beverages,0.6,0.3
Pahang,Pahang,2024-05-01,2024,5,May,01,Food and non-alcoholic beverages,1.8,0.5
Perak,Perak,2024-05-01,2024,5,May,01,Food and non-alcoholic beverages,0.4,0.3
Perlis,Perlis,2024-05-01,2024,5,May,01,Food and non-alcoholic beverages,2.0,0.4
Pulau Pinang,Penang,2024-05-01,2024,5,May,01,Food and non-alcoholic beverages,2.7,0.1
Sabah,Sabah,2024-05-01,2024,5,May,01,Food and non-alcoholic beverages,1.5,0.0
Sarawak,Sarawak,2024-05-01,2024,5,May,01,Food and non-alcoholic beverages,1.9,0.1
Selangor,Selangor,2024-05-01,2024,5,May,01,Food and non-alcoholic beverages,3.4,0.4
Terengganu,Terengganu,2024-05-01,2024,5,May,01,Food and non-alcoholic beverages,1.6,0.3
W.P. Kuala Lumpur,Kuala Lumpur,2024-05-01,2024,5,May,01,Food and non-alcoholic beverages,0.3,0.0
W.P. Labuan,Labuan,2024-05-01,2024,5,May,01,Food and non-alcoholic beverages,1.7,0.1
W.P. Putrajaya,Putrajaya,2024-05-01,2024,5,May,01,Food and non-alcoholic beverages,1.8,0.0
Johor,Johor,2024-06-01,2024,6,June,01,Food and non-alcoholic beverages,1.8,0.5
Kedah,Kedah,2024-06-01,2024,6,June,01,Food and non-alcoholic beverages,0.5,0.1
Kelantan,Kelantan,2024-06-01,2024,6,June,01,Food and non-alcoholic beverages,1.0,0.2
Melaka,Melaka,2024-06-01,2024,6,June,01,Food and non-alcoholic beverages,1.0,0.3
Negeri Sembilan,Negeri Sembilan,2024-06-01,2024,6,June,01,Food and non-alcoholic beverages,0.9,0.4
Pahang,Pahang,2024-06-01,2024,6,June,01,Food and non-alcoholic beverages,1.8,0.5
Perak,Perak,2024-06-01,2024,6,June,01,Food and non-alcoholic beverages,0.5,0.1
Perlis,Perlis,2024-06-01,2024,6,June,01,Food and non-alcoholic beverages,2.1,0.3
Pulau Pinang,Penang,2024-06-01,2024,6,June,01,Food and non-alcoholic beverages,2.9,0.2
Sabah,Sabah,2024-06-01,2024,6,June,01,Food and non-alcoholic beverages,1.8,0.1
Sarawak,Sarawak,2024-06-01,2024,6,June,01,Food and non-alcoholic beverages,1.9,0.3
Selangor,Selangor,2024-06-01,2024,6,June,01,Food and non-alcoholic beverages,3.3,0.0
Terengganu,Terengganu,2024-06-01,2024,6,June,01,Food and non-alcoholic beverages,1.6,0.2
W.P. Kuala Lumpur,Kuala Lumpur,2024-06-01,2024,6,June,01,Food and non-alcoholic beverages,1.1,0.8
W.P. Labuan,Labuan,2024-06-01,2024,6,June,01,Food and non-alcoholic beverages,1.9,0.8
W.P. Putrajaya,Putrajaya,2024-06-01,2024,6,June,01,Food and non-alcoholic beverages,1.7,0.2
Johor,Johor,2024-07-01,2024,7,July,01,Food and non-alcoholic beverages,1.3,-0.2
Kedah,Kedah,2024-07-01,2024,7,July,01,Food and non-alcoholic beverages,0.1,-0.2
Kelantan,Kelantan,2024-07-01,2024,7,July,01,Food and non-alcoholic beverages,0.4,-0.3
Melaka,Melaka,2024-07-01,2024,7,July,01,Food and non-alcoholic beverages,0.6,0.0
Negeri Sembilan,Negeri Sembilan,2024-07-01,2024,7,July,01,Food and non-alcoholic beverages,0.9,0.2
Pahang,Pahang,2024-07-01,2024,7,July,01,Food and non-alcoholic beverages,1.6,0.0
Perak,Perak,2024-07-01,2024,7,July,01,Food and non-alcoholic beverages,-0.1,-0.2
Perlis,Perlis,2024-07-01,2024,7,July,01,Food and non-alcoholic beverages,1.5,-0.1
Pulau Pinang,Penang,2024-07-01,2024,7,July,01,Food and non-alcoholic beverages,2.8,0.3
Sabah,Sabah,2024-07-01,2024,7,July,01,Food and non-alcoholic beverages,1.7,0.3
Sarawak,Sarawak,2024-07-01,2024,7,July,01,Food and non-alcoholic beverages,1.9,0.2
Selangor,Selangor,2024-07-01,2024,7,July,01,Food and non-alcoholic beverages,3.0,0.2
Terengganu,Terengganu,2024-07-01,2024,7,July,01,Food and non-alcoholic beverages,1.6,0.3
W.P. Kuala Lumpur,Kuala Lumpur,2024-07-01,2024,7,July,01,Food and non-alcoholic beverages,1.2,0.3
W.P. Labuan,Labuan,2024-07-01,2024,7,July,01,Food and non-alcoholic beverages,1.2,-0.4
W.P. Putrajaya,Putrajaya,2024-07-01,2024,7,July,01,Food and non-alcoholic beverages,1.5,-0.1
Johor,Johor,2024-08-01,2024,8,August,01,Food and non-alcoholic beverages,1.3,0.1
Kedah,Kedah,2024-08-01,2024,8,August,01,Food and non-alcoholic beverages,0.3,0.1
Kelantan,Kelantan,2024-08-01,2024,8,August,01,Food and non-alcoholic beverages,0.2,-0.3
Melaka,Melaka,2024-08-01,2024,8,August,01,Food and non-alcoholic beverages,0.3,-0.2
Negeri Sembilan,Negeri Sembilan,2024-08-01,2024,8,August,01,Food and non-alcoholic beverages,1.1,0.3
Pahang,Pahang,2024-08-01,2024,8,August,01,Food and non-alcoholic beverages,1.9,0.1
Perak,Perak,2024-08-01,2024,8,August,01,Food and non-alcoholic beverages,-0.1,0.0
Perlis,Perlis,2024-08-01,2024,8,August,01,Food and non-alcoholic beverages,0.7,0.0
Pulau Pinang,Penang,2024-08-01,2024,8,August,01,Food and non-alcoholic beverages,2.7,0.0
Sabah,Sabah,2024-08-01,2024,8,August,01,Food and non-alcoholic beverages,1.4,0.0
Sarawak,Sarawak,2024-08-01,2024,8,August,01,Food and non-alcoholic beverages,2.0,0.2
Selangor,Selangor,2024-08-01,2024,8,August,01,Food and non-alcoholic beverages,2.8,0.1
Terengganu,Terengganu,2024-08-01,2024,8,August,01,Food and non-alcoholic beverages,1.6,-0.1
W.P. Kuala Lumpur,Kuala Lumpur,2024-08-01,2024,8,August,01,Food and non-alcoholic beverages,1.2,0.0
W.P. Labuan,Labuan,2024-08-01,2024,8,August,01,Food and non-alcoholic beverages,0.2,-0.5
W.P. Putrajaya,Putrajaya,2024-08-01,2024,8,August,01,Food and non-alcoholic beverages,1.8,0.1
Johor,Johor,2024-09-01,2024,9,September,01,Food and non-alcoholic beverages,1.4,0.2
Kedah,Kedah,2024-09-01,2024,9,September,01,Food and non-alcoholic beverages,0.1,-0.1
Kelantan,Kelantan,2024-09-01,2024,9,September,01,Food and non-alcoholic beverages,0.3,0.0
Melaka,Melaka,2024-09-01,2024,9,September,01,Food and non-alcoholic beverages,0.3,0.0
Negeri Sembilan,Negeri Sembilan,2024-09-01,2024,9,September,01,Food and non-alcoholic beverages,0.9,-0.1
Pahang,Pahang,2024-09-01,2024,9,September,01,Food and non-alcoholic beverages,2.2,0.1
Perak,Perak,2024-09-01,2024,9,September,01,Food and non-alcoholic beverages,0.1,0.2
Perlis,Perlis,2024-09-01,2024,9,September,01,Food and non-alcoholic beverages,0.8,-0.2
Pulau Pinang,Penang,2024-09-01,2024,9,September,01,Food and non-alcoholic beverages,2.0,-0.1
Sabah,Sabah,2024-09-01,2024,9,September,01,Food and non-alcoholic beverages,1.3,0.2
Sarawak,Sarawak,2024-09-01,2024,9,September,01,Food and non-alcoholic beverages,1.6,0.1
Selangor,Selangor,2024-09-01,2024,9,September,01,Food and non-alcoholic beverages,2.8,0.1
Terengganu,Terengganu,2024-09-01,2024,9,September,01,Food and non-alcoholic beverages,1.5,-0.1
W.P. Kuala Lumpur,Kuala Lumpur,2024-09-01,2024,9,September,01,Food and non-alcoholic beverages,1.1,-0.2
W.P. Labuan,Labuan,2024-09-01,2024,9,September,01,Food and non-alcoholic beverages,-0.1,-0.2
W.P. Putrajaya,Putrajaya,2024-09-01,2024,9,September,01,Food and non-alcoholic beverages,1.4,0.1
Johor,Johor,2024-10-01,2024,10,October,01,Food and non-alcoholic beverages,2.4,1.0
Kedah,Kedah,2024-10-01,2024,10,October,01,Food and non-alcoholic beverages,0.8,0.7
Kelantan,Kelantan,2024-10-01,2024,10,October,01,Food and non-alcoholic beverages,0.8,0.6
Melaka,Melaka,2024-10-01,2024,10,October,01,Food and non-alcoholic beverages,1.0,1.0
Negeri Sembilan,Negeri Sembilan,2024-10-01,2024,10,October,01,Food and non-alcoholic beverages,1.9,1.0
Pahang,Pahang,2024-10-01,2024,10,October,01,Food and non-alcoholic beverages,2.3,0.3
Perak,Perak,2024-10-01,2024,10,October,01,Food and non-alcoholic beverages,0.9,0.8
Perlis,Perlis,2024-10-01,2024,10,October,01,Food and non-alcoholic beverages,1.6,1.0
Pulau Pinang,Penang,2024-10-01,2024,10,October,01,Food and non-alcoholic beverages,2.4,0.8
Sabah,Sabah,2024-10-01,2024,10,October,01,Food and non-alcoholic beverages,1.6,0.3
Sarawak,Sarawak,2024-10-01,2024,10,October,01,Food and non-alcoholic beverages,1.2,-0.1
Selangor,Selangor,2024-10-01,2024,10,October,01,Food and non-alcoholic beverages,3.8,1.2
Terengganu,Terengganu,2024-10-01,2024,10,October,01,Food and non-alcoholic beverages,2.1,0.7
W.P. Kuala Lumpur,Kuala Lumpur,2024-10-01,2024,10,October,01,Food and non-alcoholic beverages,2.0,0.8
W.P. Labuan,Labuan,2024-10-01,2024,10,October,01,Food and non-alcoholic beverages,0.7,1.0
W.P. Putrajaya,Putrajaya,2024-10-01,2024,10,October,01,Food and non-alcoholic beverages,2.9,1.5
Johor,Johor,2024-11-01,2024,11,November,01,Food and non-alcoholic beverages,2.9,0.1
Kedah,Kedah,2024-11-01,2024,11,November,01,Food and non-alcoholic beverages,0.9,0.1
Kelantan,Kelantan,2024-11-01,2024,11,November,01,Food and non-alcoholic beverages,1.0,-0.3
Melaka,Melaka,2024-11-01,2024,11,November,01,Food and non-alcoholic beverages,1.8,-0.1
Negeri Sembilan,Negeri Sembilan,2024-11-01,2024,11,November,01,Food and non-alcoholic beverages,2.1,-0.1
Pahang,Pahang,2024-11-01,2024,11,November,01,Food and non-alcoholic beverages,2.2,-0.1
Perak,Perak,2024-11-01,2024,11,November,01,Food and non-alcoholic beverages,1.0,0.0
Perlis,Perlis,2024-11-01,2024,11,November,01,Food and non-alcoholic beverages,2.1,0.1
Pulau Pinang,Penang,2024-11-01,2024,11,November,01,Food and non-alcoholic beverages,2.6,0.0
Sabah,Sabah,2024-11-01,2024,11,November,01,Food and non-alcoholic beverages,2.2,0.1
Sarawak,Sarawak,2024-11-01,2024,11,November,01,Food and non-alcoholic beverages,1.5,0.1
Selangor,Selangor,2024-11-01,2024,11,November,01,Food and non-alcoholic beverages,4.0,0.0
Terengganu,Terengganu,2024-11-01,2024,11,November,01,Food and non-alcoholic beverages,2.8,0.2
W.P. Kuala Lumpur,Kuala Lumpur,2024-11-01,2024,11,November,01,Food and non-alcoholic beverages,2.6,0.1
W.P. Labuan,Labuan,2024-11-01,2024,11,November,01,Food and non-alcoholic beverages,1.0,0.4
W.P. Putrajaya,Putrajaya,2024-11-01,2024,11,November,01,Food and non-alcoholic beverages,3.4,0.1
Johor,Johor,2024-12-01,2024,12,December,01,Food and non-alcoholic beverages,3.0,0.7
Kedah,Kedah,2024-12-01,2024,12,December,01,Food and non-alcoholic beverages,0.6,0.1
Kelantan,Kelantan,2024-12-01,2024,12,December,01,Food and non-alcoholic beverages,0.5,0.2
Melaka,Melaka,2024-12-01,2024,12,December,01,Food and non-alcoholic beverages,2.5,1.0
Negeri Sembilan,Negeri Sembilan,2024-12-01,2024,12,December,01,Food and non-alcoholic beverages,2.6,0.7
Pahang,Pahang,2024-12-01,2024,12,December,01,Food and non-alcoholic beverages,2.1,0.5
Perak,Perak,2024-12-01,2024,12,December,01,Food and non-alcoholic beverages,1.3,0.5
Perlis,Perlis,2024-12-01,2024,12,December,01,Food and non-alcoholic beverages,1.8,0.1
Pulau Pinang,Penang,2024-12-01,2024,12,December,01,Food and non-alcoholic beverages,2.5,0.2
Sabah,Sabah,2024-12-01,2024,12,December,01,Food and non-alcoholic beverages,2.3,0.1
Sarawak,Sarawak,2024-12-01,2024,12,December,01,Food and non-alcoholic beverages,1.6,0.1
Selangor,Selangor,2024-12-01,2024,12,December,01,Food and non-alcoholic beverages,4.1,0.4
Terengganu,Terengganu,2024-12-01,2024,12,December,01,Food and non-alcoholic beverages,2.9,0.9
W.P. Kuala Lumpur,Kuala Lumpur,2024-12-01,2024,12,December,01,Food and non-alcoholic beverages,3.1,0.6
W.P. Labuan,Labuan,2024-12-01,2024,12,December,01,Food and non-alcoholic beverages,0.9,0.2
W.P. Putrajaya,Putrajaya,2024-12-01,2024,12,December,01,Food and non-alcoholic beverages,2.9,0.2
Johor,Johor,2025-01-01,2025,1,January,01,Food and non-alcoholic beverages,2.6,0.1
Kedah,Kedah,2025-01-01,2025,1,January,01,Food and non-alcoholic beverages,0.4,0.1
Kelantan,Kelantan,2025-01-01,2025,1,January,01,Food and non-alcoholic beverages,0.5,0.2
Melaka,Melaka,2025-01-01,2025,1,January,01,Food and non-alcoholic beverages,2.7,0.4
Negeri Sembilan,Negeri Sembilan,2025-01-01,2025,1,January,01,Food and non-alcoholic beverages,2.7,0.2
Pahang,Pahang,2025-01-01,2025,1,January,01,Food and non-alcoholic beverages,1.3,0.4
Perak,Perak,2025-01-01,2025,1,January,01,Food and non-alcoholic beverages,1.5,-0.1
Perlis,Perlis,2025-01-01,2025,1,January,01,Food and non-alcoholic beverages,1.8,0.1
Pulau Pinang,Penang,2025-01-01,2025,1,January,01,Food and non-alcoholic beverages,2.3,0.1
Sabah,Sabah,2025-01-01,2025,1,January,01,Food and non-alcoholic beverages,2.2,0.4
Sarawak,Sarawak,2025-01-01,2025,1,January,01,Food and non-alcoholic beverages,1.2,-0.1
Selangor,Selangor,2025-01-01,2025,1,January,01,Food and non-alcoholic beverages,4.3,0.2
Terengganu,Terengganu,2025-01-01,2025,1,January,01,Food and non-alcoholic beverages,3.4,0.5
W.P. Kuala Lumpur,Kuala Lumpur,2025-01-01,2025,1,January,01,Food and non-alcoholic beverages,2.2,-0.1
W.P. Labuan,Labuan,2025-01-01,2025,1,January,01,Food and non-alcoholic beverages,0.6,0.4
W.P. Putrajaya,Putrajaya,2025-01-01,2025,1,January,01,Food and non-alcoholic beverages,3.5,0.9
Johor,Johor,2025-02-01,2025,2,February,01,Food and non-alcoholic beverages,2.9,0.3
Kedah,Kedah,2025-02-01,2025,2,February,01,Food and non-alcoholic beverages,0.9,-0.1
Kelantan,Kelantan,2025-02-01,2025,2,February,01,Food and non-alcoholic beverages,0.3,0.1
Melaka,Melaka,2025-02-01,2025,2,February,01,Food and non-alcoholic beverages,2.8,0.1
Negeri Sembilan,Negeri Sembilan,2025-02-01,2025,2,February,01,Food and non-alcoholic beverages,3.1,0.3
Pahang,Pahang,2025-02-01,2025,2,February,01,Food and non-alcoholic beverages,1.7,0.1
Perak,Perak,2025-02-01,2025,2,February,01,Food and non-alcoholic beverages,1.3,0.1
Perlis,Perlis,2025-02-01,2025,2,February,01,Food and non-alcoholic beverages,1.4,-0.1
Pulau Pinang,Penang,2025-02-01,2025,2,February,01,Food and non-alcoholic beverages,2.3,-0.1
Sabah,Sabah,2025-02-01,2025,2,February,01,Food and non-alcoholic beverages,2.6,0.7
Sarawak,Sarawak,2025-02-01,2025,2,February,01,Food and non-alcoholic beverages,1.6,0.5
Selangor,Selangor,2025-02-01,2025,2,February,01,Food and non-alcoholic beverages,3.5,0.3
Terengganu,Terengganu,2025-02-01,2025,2,February,01,Food and non-alcoholic beverages,2.9,-0.1
W.P. Kuala Lumpur,Kuala Lumpur,2025-02-01,2025,2,February,01,Food and non-alcoholic beverages,2.4,0.1
W.P. Labuan,Labuan,2025-02-01,2025,2,February,01,Food and non-alcoholic beverages,1.7,0.4
W.P. Putrajaya,Putrajaya,2025-02-01,2025,2,February,01,Food and non-alcoholic beverages,2.9,0.0
Johor,Johor,2025-03-01,2025,3,March,01,Food and non-alcoholic beverages,2.9,-0.2
Kedah,Kedah,2025-03-01,2025,3,March,01,Food and non-alcoholic beverages,0.8,-0.1
Kelantan,Kelantan,2025-03-01,2025,3,March,01,Food and non-alcoholic beverages,0.5,0.0
Melaka,Melaka,2025-03-01,2025,3,March,01,Food and non-alcoholic beverages,2.8,-0.1
Negeri Sembilan,Negeri Sembilan,2025-03-01,2025,3,March,01,Food and non-alcoholic beverages,3.4,0.2
Pahang,Pahang,2025-03-01,2025,3,March,01,Food and non-alcoholic beverages,2.4,0.1
Perak,Perak,2025-03-01,2025,3,March,01,Food and non-alcoholic beverages,1.5,0.1
Perlis,Perlis,2025-03-01,2025,3,March,01,Food and non-alcoholic beverages,1.5,0.1
Pulau Pinang,Penang,2025-03-01,2025,3,March,01,Food and non-alcoholic beverages,2.0,0.1
Sabah,Sabah,2025-03-01,2025,3,March,01,Food and non-alcoholic beverages,2.9,0.2
Sarawak,Sarawak,2025-03-01,2025,3,March,01,Food and non-alcoholic beverages,1.7,0.3
Selangor,Selangor,2025-03-01,2025,3,March,01,Food and non-alcoholic beverages,3.3,0.0
Terengganu,Terengganu,2025-03-01,2025,3,March,01,Food and non-alcoholic beverages,2.6,-0.1
W.P. Kuala Lumpur,Kuala Lumpur,2025-03-01,2025,3,March,01,Food and non-alcoholic beverages,2.5,0.0
W.P. Labuan,Labuan,2025-03-01,2025,3,March,01,Food and non-alcoholic beverages,2.8,0.8
W.P. Putrajaya,Putrajaya,2025-03-01,2025,3,March,01,Food and non-alcoholic beverages,3.6,0.5
Johor,Johor,2025-04-01,2025,4,April,01,Food and non-alcoholic beverages,3.0,-0.1
Kedah,Kedah,2025-04-01,2025,4,April,01,Food and non-alcoholic beverages,1.2,0.1
Kelantan,Kelantan,2025-04-01,2025,4,April,01,Food and non-alcoholic beverages,0.3,-0.1
Melaka,Melaka,2025-04-01,2025,4,April,01,Food and non-alcoholic beverages,2.6,-0.2
Negeri Sembilan,Negeri Sembilan,2025-04-01,2025,4,April,01,Food and non-alcoholic beverages,3.3,-0.1
Pahang,Pahang,2025-04-01,2025,4,April,01,Food and non-alcoholic beverages,2.1,-0.3
Perak,Perak,2025-04-01,2025,4,April,01,Food and non-alcoholic beverages,1.4,-0.3
Perlis,Perlis,2025-04-01,2025,4,April,01,Food and non-alcoholic beverages,1.8,0.0
Pulau Pinang,Penang,2025-04-01,2025,4,April,01,Food and non-alcoholic beverages,1.9,0.2
Sabah,Sabah,2025-04-01,2025,4,April,01,Food and non-alcoholic beverages,2.7,0.2
Sarawak,Sarawak,2025-04-01,2025,4,April,01,Food and non-alcoholic beverages,1.5,-0.1
Selangor,Selangor,2025-04-01,2025,4,April,01,Food and non-alcoholic beverages,2.9,0.1
Terengganu,Terengganu,2025-04-01,2025,4,April,01,Food and non-alcoholic beverages,2.8,0.0
W.P. Kuala Lumpur,Kuala Lumpur,2025-04-01,2025,4,April,01,Food and non-alcoholic beverages,2.5,0.1
W.P. Labuan,Labuan,2025-04-01,2025,4,April,01,Food and non-alcoholic beverages,2.1,-0.9
W.P. Putrajaya,Putrajaya,2025-04-01,2025,4,April,01,Food and non-alcoholic beverages,3.0,-0.3
Johor,Johor,2025-05-01,2025,5,May,01,Food and non-alcoholic beverages,2.4,-0.2
Kedah,Kedah,2025-05-01,2025,5,May,01,Food and non-alcoholic beverages,0.7,-0.1
Kelantan,Kelantan,2025-05-01,2025,5,May,01,Food and non-alcoholic beverages,0.1,-0.1
Melaka,Melaka,2025-05-01,2025,5,May,01,Food and non-alcoholic beverages,2.3,0.1
Negeri Sembilan,Negeri Sembilan,2025-05-01,2025,5,May,01,Food and non-alcoholic beverages,3.4,0.5
Pahang,Pahang,2025-05-01,2025,5,May,01,Food and non-alcoholic beverages,1.8,0.2
Perak,Perak,2025-05-01,2025,5,May,01,Food and non-alcoholic beverages,1.0,-0.1
Perlis,Perlis,2025-05-01,2025,5,May,01,Food and non-alcoholic beverages,1.7,0.4
Pulau Pinang,Penang,2025-05-01,2025,5,May,01,Food and non-alcoholic beverages,1.7,-0.1
Sabah,Sabah,2025-05-01,2025,5,May,01,Food and non-alcoholic beverages,2.1,-0.6
Sarawak,Sarawak,2025-05-01,2025,5,May,01,Food and non-alcoholic beverages,1.3,-0.1
Selangor,Selangor,2025-05-01,2025,5,May,01,Food and non-alcoholic beverages,2.9,0.3
Terengganu,Terengganu,2025-05-01,2025,5,May,01,Food and non-alcoholic beverages,2.6,0.1
W.P. Kuala Lumpur,Kuala Lumpur,2025-05-01,2025,5,May,01,Food and non-alcoholic beverages,2.6,0.1
W.P. Labuan,Labuan,2025-05-01,2025,5,May,01,Food and non-alcoholic beverages,2.4,0.4
W.P. Putrajaya,Putrajaya,2025-05-01,2025,5,May,01,Food and non-alcoholic beverages,3.1,0.1
Johor,Johor,2025-06-01,2025,6,June,01,Food and non-alcoholic beverages,2.2,0.3
Kedah,Kedah,2025-06-01,2025,6,June,01,Food and non-alcoholic beverages,0.9,0.3
Kelantan,Kelantan,2025-06-01,2025,6,June,01,Food and non-alcoholic beverages,-0.1,0.0
Melaka,Melaka,2025-06-01,2025,6,June,01,Food and non-alcoholic beverages,2.0,0.1
Negeri Sembilan,Negeri Sembilan,2025-06-01,2025,6,June,01,Food and non-alcoholic beverages,3.3,0.3
Pahang,Pahang,2025-06-01,2025,6,June,01,Food and non-alcoholic beverages,1.9,0.6
Perak,Perak,2025-06-01,2025,6,June,01,Food and non-alcoholic beverages,0.8,-0.1
Perlis,Perlis,2025-06-01,2025,6,June,01,Food and non-alcoholic beverages,1.2,-0.1
Pulau Pinang,Penang,2025-06-01,2025,6,June,01,Food and non-alcoholic beverages,1.8,0.3
Sabah,Sabah,2025-06-01,2025,6,June,01,Food and non-alcoholic beverages,1.9,-0.1
Sarawak,Sarawak,2025-06-01,2025,6,June,01,Food and non-alcoholic beverages,1.0,0.0
Selangor,Selangor,2025-06-01,2025,6,June,01,Food and non-alcoholic beverages,3.1,0.2
Terengganu,Terengganu,2025-06-01,2025,6,June,01,Food and non-alcoholic beverages,2.6,0.1
W.P. Kuala Lumpur,Kuala Lumpur,2025-06-01,2025,6,June,01,Food and non-alcoholic beverages,1.7,0.0
W.P. Labuan,Labuan,2025-06-01,2025,6,June,01,Food and non-alcoholic beverages,2.1,0.5
W.P. Putrajaya,Putrajaya,2025-06-01,2025,6,June,01,Food and non-alcoholic beverages,2.9,-0.1
Johor,Johor,2025-07-01,2025,7,July,01,Food and non-alcoholic beverages,2.1,-0.2
Kedah,Kedah,2025-07-01,2025,7,July,01,Food and non-alcoholic beverages,0.9,-0.2
Kelantan,Kelantan,2025-07-01,2025,7,July,01,Food and non-alcoholic beverages,-0.1,-0.4
Melaka,Melaka,2025-07-01,2025,7,July,01,Food and non-alcoholic beverages,2.0,-0.1
Negeri Sembilan,Negeri Sembilan,2025-07-01,2025,7,July,01,Food and non-alcoholic beverages,3.3,0.2
Pahang,Pahang,2025-07-01,2025,7,July,01,Food and non-alcoholic beverages,2.2,0.3
Perak,Perak,2025-07-01,2025,7,July,01,Food and non-alcoholic beverages,1.1,0.1
Perlis,Perlis,2025-07-01,2025,7,July,01,Food and non-alcoholic beverages,1.2,-0.1
Pulau Pinang,Penang,2025-07-01,2025,7,July,01,Food and non-alcoholic beverages,1.4,-0.1
Sabah,Sabah,2025-07-01,2025,7,July,01,Food and non-alcoholic beverages,1.7,0.1
Sarawak,Sarawak,2025-07-01,2025,7,July,01,Food and non-alcoholic beverages,0.7,-0.1
Selangor,Selangor,2025-07-01,2025,7,July,01,Food and non-alcoholic beverages,2.9,-0.1
Terengganu,Terengganu,2025-07-01,2025,7,July,01,Food and non-alcoholic beverages,2.1,-0.1
W.P. Kuala Lumpur,Kuala Lumpur,2025-07-01,2025,7,July,01,Food and non-alcoholic beverages,1.8,0.4
W.P. Labuan,Labuan,2025-07-01,2025,7,July,01,Food and non-alcoholic beverages,2.9,0.4
W.P. Putrajaya,Putrajaya,2025-07-01,2025,7,July,01,Food and non-alcoholic beverages,2.8,-0.2
Johor,Johor,2025-08-01,2025,8,August,01,Food and non-alcoholic beverages,2.3,0.3
Kedah,Kedah,2025-08-01,2025,8,August,01,Food and non-alcoholic beverages,0.8,0.0
Kelantan,Kelantan,2025-08-01,2025,8,August,01,Food and non-alcoholic beverages,0.1,0.0
Melaka,Melaka,2025-08-01,2025,8,August,01,Food and non-alcoholic beverages,2.4,0.2
Negeri Sembilan,Negeri Sembilan,2025-08-01,2025,8,August,01,Food and non-alcoholic beverages,3.0,0.0
Pahang,Pahang,2025-08-01,2025,8,August,01,Food and non-alcoholic beverages,2.0,-0.1
Perak,Perak,2025-08-01,2025,8,August,01,Food and non-alcoholic beverages,1.2,0.1
Perlis,Perlis,2025-08-01,2025,8,August,01,Food and non-alcoholic beverages,1.2,-0.1
Pulau Pinang,Penang,2025-08-01,2025,8,August,01,Food and non-alcoholic beverages,1.5,0.1
Sabah,Sabah,2025-08-01,2025,8,August,01,Food and non-alcoholic beverages,1.7,0.0
Sarawak,Sarawak,2025-08-01,2025,8,August,01,Food and non-alcoholic beverages,0.5,0.0
Selangor,Selangor,2025-08-01,2025,8,August,01,Food and non-alcoholic beverages,2.8,0.0
Terengganu,Terengganu,2025-08-01,2025,8,August,01,Food and non-alcoholic beverages,2.6,0.3
W.P. Kuala Lumpur,Kuala Lumpur,2025-08-01,2025,8,August,01,Food and non-alcoholic beverages,2.1,0.3
W.P. Labuan,Labuan,2025-08-01,2025,8,August,01,Food and non-alcoholic beverages,3.0,-0.4
W.P. Putrajaya,Putrajaya,2025-08-01,2025,8,August,01,Food and non-alcoholic beverages,2.8,0.1
Johor,Johor,2025-09-01,2025,9,September,01,Food and non-alcoholic beverages,2.2,0.1
Kedah,Kedah,2025-09-01,2025,9,September,01,Food and non-alcoholic beverages,1.2,0.4
Kelantan,Kelantan,2025-09-01,2025,9,September,01,Food and non-alcoholic beverages,0.3,0.1
Melaka,Melaka,2025-09-01,2025,9,September,01,Food and non-alcoholic beverages,2.7,0.4
Negeri Sembilan,Negeri Sembilan,2025-09-01,2025,9,September,01,Food and non-alcoholic beverages,3.4,0.3
Pahang,Pahang,2025-09-01,2025,9,September,01,Food and non-alcoholic beverages,2.0,0.2
Perak,Perak,2025-09-01,2025,9,September,01,Food and non-alcoholic beverages,1.2,0.2
Perlis,Perlis,2025-09-01,2025,9,September,01,Food and non-alcoholic beverages,2.0,0.6
Pulau Pinang,Penang,2025-09-01,2025,9,September,01,Food and non-alcoholic beverages,1.7,0.2
Sabah,Sabah,2025-09-01,2025,9,September,01,Food and non-alcoholic beverages,1.9,0.4
Sarawak,Sarawak,2025-09-01,2025,9,September,01,Food and non-alcoholic beverages,0.5,0.1
Selangor,Selangor,2025-09-01,2025,9,September,01,Food and non-alcoholic beverages,2.9,0.1
Terengganu,Terengganu,2025-09-01,2025,9,September,01,Food and non-alcoholic beverages,2.6,0.0
W.P. Kuala Lumpur,Kuala Lumpur,2025-09-01,2025,9,September,01,Food and non-alcoholic beverages,2.5,0.3
W.P. Labuan,Labuan,2025-09-01,2025,9,September,01,Food and non-alcoholic beverages,3.4,0.2
W.P. Putrajaya,Putrajaya,2025-09-01,2025,9,September,01,Food and non-alcoholic beverages,2.9,0.1
Johor,Johor,2025-10-01,2025,10,October,01,Food and non-alcoholic beverages,1.9,0.7
Kedah,Kedah,2025-10-01,2025,10,October,01,Food and non-alcoholic beverages,0.6,0.1
Kelantan,Kelantan,2025-10-01,2025,10,October,01,Food and non-alcoholic beverages,-0.6,-0.3
Melaka,Melaka,2025-10-01,2025,10,October,01,Food and non-alcoholic beverages,2.3,0.5
Negeri Sembilan,Negeri Sembilan,2025-10-01,2025,10,October,01,Food and non-alcoholic beverages,2.6,0.3
Pahang,Pahang,2025-10-01,2025,10,October,01,Food and non-alcoholic beverages,2.1,0.3
Perak,Perak,2025-10-01,2025,10,October,01,Food and non-alcoholic beverages,0.5,0.1
Perlis,Perlis,2025-10-01,2025,10,October,01,Food and non-alcoholic beverages,1.1,0.1
Pulau Pinang,Penang,2025-10-01,2025,10,October,01,Food and non-alcoholic beverages,1.0,0.1
Sabah,Sabah,2025-10-01,2025,10,October,01,Food and non-alcoholic beverages,1.4,-0.1
Sarawak,Sarawak,2025-10-01,2025,10,October,01,Food and non-alcoholic beverages,0.9,0.2
Selangor,Selangor,2025-10-01,2025,10,October,01,Food and non-alcoholic beverages,1.7,0.1
Terengganu,Terengganu,2025-10-01,2025,10,October,01,Food and non-alcoholic beverages,1.7,-0.2
W.P. Kuala Lumpur,Kuala Lumpur,2025-10-01,2025,10,October,01,Food and non-alcoholic beverages,2.0,0.3
W.P. Labuan,Labuan,2025-10-01,2025,10,October,01,Food and non-alcoholic beverages,2.5,0.1
W.P. Putrajaya,Putrajaya,2025-10-01,2025,10,October,01,Food and non-alcoholic beverages,1.5,0.2
Johor,Johor,2025-11-01,2025,11,November,01,Food and non-alcoholic beverages,2.0,0.2
Kedah,Kedah,2025-11-01,2025,11,November,01,Food and non-alcoholic beverages,0.6,0.1
Kelantan,Kelantan,2025-11-01,2025,11,November,01,Food and non-alcoholic beverages,-0.3,0.0
Melaka,Melaka,2025-11-01,2025,11,November,01,Food and non-alcoholic beverages,2.4,0.1
Negeri Sembilan,Negeri Sembilan,2025-11-01,2025,11,November,01,Food and non-alcoholic beverages,3.3,0.5
Pahang,Pahang,2025-11-01,2025,11,November,01,Food and non-alcoholic beverages,2.3,0.1
Perak,Perak,2025-11-01,2025,11,November,01,Food and non-alcoholic beverages,0.5,0.0
Perlis,Perlis,2025-11-01,2025,11,November,01,Food and non-alcoholic beverages,0.8,-0.2
Pulau Pinang,Penang,2025-11-01,2025,11,November,01,Food and non-alcoholic beverages,1.0,0.0
Sabah,Sabah,2025-11-01,2025,11,November,01,Food and non-alcoholic beverages,1.2,-0.2
Sarawak,Sarawak,2025-11-01,2025,11,November,01,Food and non-alcoholic beverages,0.7,-0.1
Selangor,Selangor,2025-11-01,2025,11,November,01,Food and non-alcoholic beverages,1.5,-0.2
Terengganu,Terengganu,2025-11-01,2025,11,November,01,Food and non-alcoholic beverages,1.4,-0.1
W.P. Kuala Lumpur,Kuala Lumpur,2025-11-01,2025,11,November,01,Food and non-alcoholic beverages,2.1,0.2
W.P. Labuan,Labuan,2025-11-01,2025,11,November,01,Food and non-alcoholic beverages,2.1,0.0
W.P. Putrajaya,Putrajaya,2025-11-01,2025,11,November,01,Food and non-alcoholic beverages,1.7,0.2
Johor,Johor,2025-12-01,2025,12,December,01,Food and non-alcoholic beverages,2.3,1.0
Kedah,Kedah,2025-12-01,2025,12,December,01,Food and non-alcoholic beverages,1.3,0.8
Kelantan,Kelantan,2025-12-01,2025,12,December,01,Food and non-alcoholic beverages,-0.3,0.2
Melaka,Melaka,2025-12-01,2025,12,December,01,Food and non-alcoholic beverages,2.1,0.7
Negeri Sembilan,Negeri Sembilan,2025-12-01,2025,12,December,01,Food and non-alcoholic beverages,3.4,0.8
Pahang,Pahang,2025-12-01,2025,12,December,01,Food and non-alcoholic beverages,2.7,0.8
Perak,Perak,2025-12-01,2025,12,December,01,Food and non-alcoholic beverages,1.0,1.0
Perlis,Perlis,2025-12-01,2025,12,December,01,Food and non-alcoholic beverages,0.9,0.2
Pulau Pinang,Penang,2025-12-01,2025,12,December,01,Food and non-alcoholic beverages,1.3,0.5
Sabah,Sabah,2025-12-01,2025,12,December,01,Food and non-alcoholic beverages,1.1,0.1
Sarawak,Sarawak,2025-12-01,2025,12,December,01,Food and non-alcoholic beverages,0.8,0.1
Selangor,Selangor,2025-12-01,2025,12,December,01,Food and non-alcoholic beverages,1.4,0.3
Terengganu,Terengganu,2025-12-01,2025,12,December,01,Food and non-alcoholic beverages,1.6,1.1
W.P. Kuala Lumpur,Kuala Lumpur,2025-12-01,2025,12,December,01,Food and non-alcoholic beverages,1.6,0.1
W.P. Labuan,Labuan,2025-12-01,2025,12,December,01,Food and non-alcoholic beverages,2.4,0.5
W.P. Putrajaya,Putrajaya,2025-12-01,2025,12,December,01,Food and non-alcoholic beverages,1.5,0.0
Johor,Johor,2026-01-01,2026,1,January,01,Food and non-alcoholic beverages,2.5,0.3
Kedah,Kedah,2026-01-01,2026,1,January,01,Food and non-alcoholic beverages,1.4,0.1
Kelantan,Kelantan,2026-01-01,2026,1,January,01,Food and non-alcoholic beverages,-0.3,0.2
Melaka,Melaka,2026-01-01,2026,1,January,01,Food and non-alcoholic beverages,1.7,0.1
Negeri Sembilan,Negeri Sembilan,2026-01-01,2026,1,January,01,Food and non-alcoholic beverages,3.2,0.1
Pahang,Pahang,2026-01-01,2026,1,January,01,Food and non-alcoholic beverages,2.6,0.3
Perak,Perak,2026-01-01,2026,1,January,01,Food and non-alcoholic beverages,1.3,0.1
Perlis,Perlis,2026-01-01,2026,1,January,01,Food and non-alcoholic beverages,1.2,0.4
Pulau Pinang,Penang,2026-01-01,2026,1,January,01,Food and non-alcoholic beverages,1.4,0.2
Sabah,Sabah,2026-01-01,2026,1,January,01,Food and non-alcoholic beverages,0.7,0.0
Sarawak,Sarawak,2026-01-01,2026,1,January,01,Food and non-alcoholic beverages,0.9,0.1
Selangor,Selangor,2026-01-01,2026,1,January,01,Food and non-alcoholic beverages,1.3,0.1
Terengganu,Terengganu,2026-01-01,2026,1,January,01,Food and non-alcoholic beverages,0.9,-0.1
W.P. Kuala Lumpur,Kuala Lumpur,2026-01-01,2026,1,January,01,Food and non-alcoholic beverages,2.0,0.3
W.P. Labuan,Labuan,2026-01-01,2026,1,January,01,Food and non-alcoholic beverages,1.5,-0.4
W.P. Putrajaya,Putrajaya,2026-01-01,2026,1,January,01,Food and non-alcoholic beverages,0.8,0.2
Johor,Johor,2026-02-01,2026,2,February,01,Food and non-alcoholic beverages,2.1,-0.1
Kedah,Kedah,2026-02-01,2026,2,February,01,Food and non-alcoholic beverages,1.6,0.1
Kelantan,Kelantan,2026-02-01,2026,2,February,01,Food and non-alcoholic beverages,-0.7,-0.3
Melaka,Melaka,2026-02-01,2026,2,February,01,Food and non-alcoholic beverages,1.4,-0.3
Negeri Sembilan,Negeri Sembilan,2026-02-01,2026,2,February,01,Food and non-alcoholic beverages,3.0,0.0
Pahang,Pahang,2026-02-01,2026,2,February,01,Food and non-alcoholic beverages,2.3,-0.3
Perak,Perak,2026-02-01,2026,2,February,01,Food and non-alcoholic beverages,1.0,-0.1
Perlis,Perlis,2026-02-01,2026,2,February,01,Food and non-alcoholic beverages,1.0,-0.2
Pulau Pinang,Penang,2026-02-01,2026,2,February,01,Food and non-alcoholic beverages,1.7,0.1
Sabah,Sabah,2026-02-01,2026,2,February,01,Food and non-alcoholic beverages,0.4,0.4
Sarawak,Sarawak,2026-02-01,2026,2,February,01,Food and non-alcoholic beverages,0.5,0.1
Selangor,Selangor,2026-02-01,2026,2,February,01,Food and non-alcoholic beverages,0.9,-0.1
Terengganu,Terengganu,2026-02-01,2026,2,February,01,Food and non-alcoholic beverages,0.7,-0.3
W.P. Kuala Lumpur,Kuala Lumpur,2026-02-01,2026,2,February,01,Food and non-alcoholic beverages,1.8,-0.1
W.P. Labuan,Labuan,2026-02-01,2026,2,February,01,Food and non-alcoholic beverages,1.3,0.2
W.P. Putrajaya,Putrajaya,2026-02-01,2026,2,February,01,Food and non-alcoholic beverages,1.0,0.2
Johor,Johor,2026-03-01,2026,3,March,01,Food and non-alcoholic beverages,1.9,-0.4
Kedah,Kedah,2026-03-01,2026,3,March,01,Food and non-alcoholic beverages,1.4,-0.2
Kelantan,Kelantan,2026-03-01,2026,3,March,01,Food and non-alcoholic beverages,-0.7,0.0
Melaka,Melaka,2026-03-01,2026,3,March,01,Food and non-alcoholic beverages,1.4,-0.1
Negeri Sembilan,Negeri Sembilan,2026-03-01,2026,3,March,01,Food and non-alcoholic beverages,2.7,-0.1
Pahang,Pahang,2026-03-01,2026,3,March,01,Food and non-alcoholic beverages,2.1,-0.1
Perak,Perak,2026-03-01,2026,3,March,01,Food and non-alcoholic beverages,0.7,-0.3
Perlis,Perlis,2026-03-01,2026,3,March,01,Food and non-alcoholic beverages,0.9,0.0
Pulau Pinang,Penang,2026-03-01,2026,3,March,01,Food and non-alcoholic beverages,1.6,0.1
Sabah,Sabah,2026-03-01,2026,3,March,01,Food and non-alcoholic beverages,0.4,0.2
Sarawak,Sarawak,2026-03-01,2026,3,March,01,Food and non-alcoholic beverages,0.3,0.0
Selangor,Selangor,2026-03-01,2026,3,March,01,Food and non-alcoholic beverages,0.8,-0.1
Terengganu,Terengganu,2026-03-01,2026,3,March,01,Food and non-alcoholic beverages,0.4,-0.5
W.P. Kuala Lumpur,Kuala Lumpur,2026-03-01,2026,3,March,01,Food and non-alcoholic beverages,1.8,0.0
W.P. Labuan,Labuan,2026-03-01,2026,3,March,01,Food and non-alcoholic beverages,1.0,0.5
W.P. Putrajaya,Putrajaya,2026-03-01,2026,3,March,01,Food and non-alcoholic beverages,0.6,0.1
